country,1945,1946,1947,1948,1949,1950,1951,1952,1953,1954,1955,1956,1957,1958,1959,1960,1961,1962,1963,1964,1965,1966,1967,1968,1969,1970,1971,1972,1973,1974,1975,1976,1977,1978,1979,1980,1981,1982,1983,1984,1985,1986,1987,1988,1989,1990,1991,1992,1993,1994,1995,1996,1997,1998,1999,2000,2001,2002,2003,2004,2005,2006,2007,2008,2009,2010,2011,2012,2013,2014,2015,2016,2017,2018,2019,2020
Afghanistan,,,,,,,,,,,,,,,,,,,,,0.0136,0.0102,0.0067,0.0034,0,0.0012,0.0024,0.0035,0.0046,0.0056,0.0066,0.0076,0.0085,0.0094,0.0103,0.0112,0.012,0.0128,0.0136,0.0143,0.0151,0.0158,0.0165,0.0172,0.0295,0.0421,0.0548,0.0678,0.081,0.0945,0.108,0.122,0.136,0.151,0.165,0.18,0.196,0.211,0.227,0.243,0.259,0.263,0.266,0.269,0.273,0.276,0.274,0.274,0.274,0.274,0.274,0.277,0.278,0.279,0.272,0.272
Albania,0.0366,0.0646,0.0881,0.108,0.125,0.141,0.135,0.129,0.124,0.119,0.11,0.103,0.0964,0.0909,0.0981,0.105,0.111,0.117,0.129,0.141,0.152,0.163,0.192,0.22,0.247,0.273,0.287,0.302,0.317,0.332,0.33,0.328,0.326,0.324,0.319,0.314,0.309,0.304,0.301,0.298,0.294,0.291,0.288,0.225,0.162,0.099,0.036,0.0571,0.0732,0.0893,0.105,0.121,0.109,0.0957,0.0829,0.07,0.0571,0.0607,0.0643,0.0679,0.0714,0.0946,0.118,0.141,0.164,0.163,0.161,0.159,0.157,0.188,0.218,0.248,0.279,0.286,0.295,0.295
Algeria,,,,,,,,,,,,,,,,,,0.051,0.0359,0.0145,0.0177,0.0206,0.0231,0.0254,0.0274,0.0292,0.0309,0.0324,0.0338,0.0351,0.0362,0.0373,0.0383,0.0332,0.0282,0.0234,0.0187,0.0142,0.0162,0.0181,0.02,0.0219,0.0237,0.0286,0.0366,0.0526,0.1,0.0805,0.0721,0.0674,0.0668,0.0662,0.0656,0.0636,0.0627,0.0622,0.0619,0.0617,0.194,0.144,0.0896,0.031,0.0746,0.0711,0.0515,0.194,0.237,0.258,0.238,0.197,0.0694,0.213,0.258,0.0682,0.216,0.211
Andorra,,,,,,,,,,,,,,,,,,,,,,,,,,,,,,,,,,,,,,,,,,,,,,,,,0.0357,0.0516,0.0643,0.0747,0.0833,0.0907,0.0969,0.102,0.107,0.138,0.179,0.236,0.321,0.329,0.333,0.337,0.339,0.429,0.518,0.5,0.476,0.443,0.393,0.411,0.429,0.446,0.464,0.464
Angola,,,,,,,,,,,,,,,,,,,,,,,,,,,,,,,,,,,,0.083,0.0955,0.107,0.118,0.128,0.137,0.145,0.139,0.132,0.124,0.115,0.106,0.0955,0.113,0.13,0.147,0.165,0.182,0.199,0.217,0.234,0.251,0.269,0.286,0.303,0.321,0.338,0.355,0.373,0.365,0.357,0.349,0.341,0.335,0.328,0.322,0.316,0.309,0.304,0.3,0.3
Antigua and Barbuda,,,,,,,,,,,,,,,,,,,,,,,,,,,,,,,,,,,,,,,,0.0588,0.0529,0.0471,0.0412,0.0353,0.0294,0.0471,0.0735,0.118,0.113,0.111,0.106,0.1,0.0944,0.0889,0.0833,0.0944,0.106,0.117,0.128,0.139,0.15,0.161,0.172,0.183,0.194,0.198,0.201,0.205,0.208,0.212,0.239,0.265,0.29,0.314,0.314,0.314
Argentina,,0,0,0,0.0599,0.114,0.162,0.175,0.188,0.201,0.214,0.14,0.0751,0.0177,0.0144,0.0105,0.0081,0.006,0.0042,0.0116,0.0208,0.0302,0.0383,0.0454,0.0516,0.0571,0.0621,0.0665,0.0705,0.0679,0.0652,0.0626,0.0599,0.0572,0.0545,0.0517,0.0489,0.0461,0.0433,0.0415,0.0394,0.0652,0.0472,0.0578,0.0667,0.0628,0.0584,0.144,0.087,0.189,0.204,0.236,0.276,0.241,0.213,0.263,0.313,0.328,0.344,0.359,0.374,0.386,0.398,0.394,0.393,0.387,0.377,0.377,0.377,0.374,0.371,0.38,0.389,0.394,0.399,0.407
Armenia,,,,,,,,,,,,,,,,,,,,,,,,,,,,,,,,,,,,,,,,,,,,,,0.0369,0.0412,0.0459,0.051,0.0568,0.0632,0.0571,0.0498,0.0412,0.0305,0.0344,0.0382,0.042,0.0458,0.0642,0.0765,0.0853,0.092,0.0936,0.0957,0.0984,0.102,0.107,0.118,0.129,0.142,0.156,0.171,0.242,0.235,0.235
Australia,,0.036,0.0321,0.0294,0.0273,0.0246,0.0219,0.0329,0.0667,0,0.0272,0.0272,0.0272,0.0272,0.0272,0.0272,0.0272,0.0162,0,0.0667,0.0369,0.0272,0.05,0.0162,0,0.0333,0.0108,0,0.016,0.0267,0.0314,0.0317,0.0319,0.0425,0.053,0.0635,0.0758,0.0882,0.101,0.0982,0.104,0.11,0.116,0.119,0.122,0.125,0.127,0.128,0.13,0.155,0.18,0.205,0.303,0.241,0.251,0.26,0.27,0.274,0.279,0.283,0.288,0.292,0.296,0.295,0.294,0.292,0.304,0.314,0.322,0.312,0.303,0.295,0.311,0.334,0.366,0.37
Austria,0.0421,0,0,0,0.0423,0.0208,0.0208,0.0208,0.0476,0.0222,0.0222,0.0657,0.125,0.125,0.0704,0.125,0.125,0.0741,0.137,0.137,0.137,0.0694,0.118,0.118,0.118,0.0776,0.0855,0.176,0.176,0.176,0.105,0.2,0.2,0.2,0.113,0.164,0.164,0.164,0.111,0.164,0.164,0.139,0.21,0.21,0.21,0.202,0.217,0.217,0.217,0.219,0.256,0.21,0.203,0.21,0.236,0.143,0.143,0.318,0.258,0.274,0.258,0.316,0.246,0.278,0.295,0.29,0.29,0.29,0.305,0.29,0.29,0.295,0.331,0.358,0.385,0.385
Azerbaijan,,,,,,,,,,,,,,,,,,,,,,,,,,,,,,,,,,,,,,,,,,,,,,,,,,,,,,,,,,,,,,,,,,,,,,,,,,,0.168,0.174
Bahamas,,,,,,,,,,,,,,,,,,,,,,,,,,,,,,,,,,,,,,,,,,,,,,,,,,,,,,,,,,,,,,,,,,,,,,,,,,,0.218,0.218
Bahrain,,,,,,,,,,,,,,,,,,,,,,,,,,,,,,,,,,,,,,,,,,,,,,,,,,,,,,,,,,,,,,,,,,,,,,,,,,,0.188,0.188
Bangladesh,,,,,,,,,,,,,,,,,,,,,,,,,,,,,,,,,,,,,,,,,,,,,,,,,,,,,,,,,,,,,,,,,,,,,,,,,,,0.206,0.209
Barbados,,,,,,,,,,,,,,,,,,,,,,,,,,,,,,,,,,,,,,,,,,,,,,,,,,,,,,,,,,,,,,,,,,,,,0.286,0.281,0.279,0.277,0.276,0.274,0.294,0.294
Belarus,,,,,,,,,,,,,,,,,,,,,,,,,,,,,,,,,,,,,,,,,,,,,,0.038,0.0385,0.0391,0.0399,0.041,0.0427,0.0455,0.311,0.235,0.198,0.176,0.22,0.252,0.277,0.297,0.301,0.308,0.315,0.325,0.318,0.31,0.303,0.295,0.301,0.306,0.31,0.313,0.321,0.333,0.349,0.347
Belgium,,0.0217,0.0249,0.028,0.031,0.0362,0.0368,0.0375,0.0381,0.0388,0.0388,0.0388,0.0388,0.0388,0.0379,0.037,0.0362,0.0329,0.0296,0.0263,0.0231,0.0222,0.0214,0.0205,0.0231,0.0256,0.0282,0.0282,0.0282,0.0282,0.0409,0.0536,0.0662,0.0789,0.0806,0.0823,0.084,0.087,0.09,0.093,0.096,0.0896,0.0833,0.0878,0.0922,0.0966,0.101,0.109,0.12,0.134,0.154,0.194,0.215,0.229,0.238,0.25,0.267,0.294,0.344,0.346,0.349,0.351,0.353,0.363,0.375,0.389,0.399,0.409,0.419,0.43,0.431,0.431,0.432,0.433,0.433,0.419
Belize,,,,,,,,,,,,,,,,,,,,,,,,,,,,,,,,,,,,,,,,0.105,0.0995,0.0938,0.0881,0.0825,0.0769,0.0833,0.0897,0.0962,0.103,0.109,0.115,0.122,0.128,0.135,0.126,0.117,0.108,0.101,0.093,0.116,0.135,0.15,0.163,0.174,0.167,0.158,0.147,0.133,0.119,0.105,0.0909,0.096,0.101,0.106,0.111,0.13
Benin,,,,,,,,,,,,,,,,,,,,,,,,,,,,,,,,,,,0.0833,0.0779,0.0714,0.0635,0.0536,0.0408,0.0384,0.0361,0.0338,0.0315,0.0293,0.0372,0.0625,0.0664,0.0703,0.0742,0.0781,0.0727,0.068,0.0639,0.0602,0.0633,0.0663,0.0693,0.0723,0.0813,0.0904,0.0994,0.108,0.102,0.0964,0.0904,0.0843,0.0813,0.0783,0.0753,0.0723,0.0723,0.0723,0.0723,0.0723,0.0723
Bhutan,,,,,,,,,0,0.0004,0.0008,0.0012,0.0016,0.002,0.0025,0.0029,0.0034,0.0039,0.0044,0.005,0.0056,0.0061,0.0068,0.0074,0.0081,0.0088,0.0095,0.0103,0.0111,0.012,0.0129,0.0138,0.0148,0.0159,0.017,0.0182,0.0194,0.0208,0.0222,0.0238,0.0254,0.0272,0.0291,0.0311,0.0333,0.0357,0.0384,0.0413,0.0444,0.048,0.0519,0.0562,0.0611,0.0667,0.073,0.0803,0.0889,0.099,0.111,0.126,0.144,0.168,0.2,0.139,0.125,0.111,0.0972,0.0833,0.0694,0.0861,0.103,0.119,0.136,0.153,0.153,0.153
Bolivia,,,,,,,0,0.0027,0.0054,0.0081,0.0108,0.0135,0.0077,0,0,0,0,0.0194,0.0194,0.0149,0.011,0.0077,0.0094,0.0111,0.0127,0.0143,0.0159,0.0175,0.019,0.0205,0.022,0.0235,0.0249,0.0264,0.0278,0.0191,0.0229,0.0268,0.0306,0.0344,0.0382,0.0494,0.0605,0.0717,0.0828,0.086,0.0892,0.0924,0.0955,0.0876,0.0796,0.0717,0.0637,0.0866,0.11,0.133,0.155,0.178,0.168,0.157,0.147,0.177,0.207,0.237,0.265,0.316,0.366,0.417,0.468,0.518,0.518,0.518,0.518,0.518,0.518,0.518
Bosnia and Herzegovina,,,,,,,,,,,,,,,,,,,,,,,,,,,,,,,,,,,,,,,,,,,,,,0.0449,0.0531,0.0629,0.0747,0.0892,0.108,0.132,0.164,0.211,0.152,0.0714,0.101,0.123,0.127,0.131,0.137,0.143,0.133,0.153,0.162,0.167,0.133,0.181,0.202,0.214,0.133,0.181,0.202,0.214,0.211,0.211
Botswana,,,,,,,,,,,,,,,,,,,,,0,0,0,0,0,0,0,0,0,0,0.0108,0.0216,0.0324,0.0432,0.0541,0.0535,0.0529,0.0524,0.0518,0.0513,0.051,0.0508,0.0505,0.0503,0.05,0.06,0.07,0.08,0.09,0.1,0.116,0.131,0.145,0.158,0.17,0.155,0.142,0.131,0.12,0.111,0.105,0.0984,0.0921,0.0857,0.0794,0.0825,0.0857,0.0889,0.0921,0.0952,0.0978,0.1,0.103,0.105,0.108,0.108
Brazil,0,0.0006,0.0011,0.0017,0.0022,0.0027,0.0027,0.0027,0.0026,0.0026,0.0039,0.0052,0.0064,0.0077,0.0067,0.0058,0.005,0.0042,0.0058,0.0074,0.0089,0.0105,0.0089,0.0071,0.005,0.0027,0.0026,0.0025,0.0024,0.0023,0.0045,0.0065,0.0085,0.0103,0.011,0.0116,0.0122,0.0128,0.0213,0.0298,0.0383,0.0466,0.0478,0.049,0.0502,0.0514,0.0563,0.0611,0.0659,0.0707,0.0678,0.0648,0.0619,0.0589,0.0669,0.0749,0.0829,0.0909,0.0624,0.077,0.0891,0.0993,0.0985,0.0977,0.0969,0.096,0.0981,0.1,0.102,0.104,0.116,0.127,0.138,0.15,0.15,0.145
Brunei,,,,,,,,,,,,,,,,,,,,,,,,,,,,,,,,,,,,,,,,,,,,,,,,,,,,,,,,,,,,,,,,,,,,,,,,0.0645,0.0909,0.0909,0.0909,0.0909
Bulgaria,0.058,0.0817,0.0958,0.117,0.151,0.152,0.154,0.155,0.157,0.158,0.159,0.16,0.161,0.171,0.18,0.188,0.196,0.203,0.193,0.184,0.177,0.171,0.174,0.177,0.181,0.184,0.188,0.189,0.191,0.192,0.194,0.195,0.199,0.204,0.209,0.213,0.218,0.216,0.214,0.213,0.211,0.21,0.179,0.148,0.116,0.085,0.129,0.131,0.132,0.133,0.125,0.117,0.108,0.147,0.185,0.224,0.263,0.249,0.235,0.222,0.208,0.208,0.208,0.208,0.208,0.22,0.228,0.233,0.238,0.2,0.213,0.225,0.238,0.248,0.258,0.267
Burkina Faso,,,,,,,,,,,,,,,,,,,,,,,,,,0,0.0022,0.0044,0.0066,0.0088,0.011,0.0132,0.0154,0.0175,0.0224,0.0267,0.0306,0.0341,0.0372,0.0401,0.0427,0.0451,0.0473,0.0493,0.0512,0.0529,0.0546,0.0561,0.0605,0.0649,0.0693,0.0737,0.078,0.0823,0.0865,0.0907,0.0949,0.0991,0.117,0.126,0.135,0.144,0.153,0.154,0.155,0.156,0.157,0.158,0.137,0.116,0.0945,0.104,0.114,0.124,0.134,0.134
Burundi,,,,,,,,,,,,,,,,,0,0,0,0,0,0.0071,0.0139,0.0204,0.0268,0.0329,0.0388,0.0444,0.0499,0.0553,0.0604,0.0654,0.0702,0.0749,0.0795,0.0839,0.0882,0.0923,0.0958,0.0991,0.102,0.105,0.108,0.111,0.114,0.116,0.119,0.121,0.123,0.154,0.18,0.202,0.222,0.239,0.254,0.268,0.279,0.29,0.3,0.309,0.317,0.323,0.328,0.334,0.34,0.347,0.354,0.36,0.366,0.372,0.378,0.38,0.383,0.385,0.388,0.389
Cambodia,,,,,,,,,,,0,0.0031,0.0067,0.0112,0.0081,0.0052,0.0025,0,0,0,0,0,0.0056,0.0104,0.0145,0.0181,0.0213,0.0241,0.0775,0.12,0.155,0.184,0.184,0.185,0.186,0.187,0.188,0.19,0.191,0.193,0.195,0.197,0.214,0.187,0.161,0.135,0.109,0.0837,0.0583,0.0631,0.0679,0.0726,0.0773,0.082,0.131,0.118,0.109,0.102,0.0976,0.112,0.127,0.142,0.152,0.163,0.171,0.179,0.187,0.195,0.203,0.191,0.182,0.174,0.166,0.16,0.193,0.187
Cameroon,,,,,,,,,,,,,,,,0.01,0.0133,0.02,0.02,0.02,0.0233,0.0267,0.03,0.0333,0.0367,0.04,0.05,0.0552,0.0583,0.0667,0.075,0.0833,0.0917,0.1,0.108,0.117,0.125,0.133,0.142,0.142,0.143,0.144,0.144,0.144,0.139,0.133,0.128,0.122,0.111,0.103,0.0972,0.0926,0.0889,0.0889,0.0889,0.0889,0.0889,0.0889,0.106,0.119,0.129,0.137,0.143,0.146,0.15,0.156,0.164,0.177,0.2,0.212,0.224,0.236,0.248,0.26,0.293,0.311
Canada,0.0092,0.0211,0.0233,0.0244,0.0085,0.0227,0.023,0.0241,0.0255,0.061,0.0659,0.0714,0.0195,0.0279,0.0526,0.0686,0.0729,0.033,0.0329,0.0606,0.0249,0.0421,0.0532,0.0168,0.0562,0.0659,0.0674,0.0361,0.0737,0.0448,0.0659,0.0645,0.0625,0.0833,0.0545,0.0633,0.0978,0.101,0.0978,0.104,0.118,0.147,0.13,0.132,0.106,0.153,0.14,0.144,0.173,0.183,0.183,0.183,0.212,0.29,0.308,0.221,0.355,0.355,0.355,0.246,0.355,0.266,0.344,0.253,0.35,0.35,0.275,0.359,0.379,0.396,0.279,0.422,0.43,0.35,0.332,0.336
Cape Verde,,,,,,,,,,,,,,,,,,,,,,,,,,,,,,,0.0179,0.0418,0.0646,0.0864,0.107,0.127,0.125,0.124,0.123,0.122,0.121,0.113,0.106,0.0988,0.0913,0.0837,0.0759,0.0841,0.0927,0.102,0.111,0.111,0.111,0.111,0.111,0.111,0.111,0.119,0.128,0.136,0.144,0.153,0.164,0.175,0.186,0.197,0.208,0.213,0.216,0.219,0.221,0.222,0.225,0.229,0.236,0.25
Central African Republic,,,,,,,,,,,,,,,,,,,,,,,,,,,,,,,,,,,,,,,,,,,,,,,,,,,,,,,,,,,,,,,,,,,,,,,,,,,0.0857,0.0857
Chad,,,,,,,,,,,,,,,,,,,,,,,,,,,,,,,,,,,,,,,,,,,,,,,,,,,,,,,,,,,,,,,,,,,,,,,,,,,0.149,0.154
Chile,,,,,,,,,,,,,,,,,,,,,,,,,,,,,,,,,,,,,,,,,,,,,,,,,,,,,,,,,,,,,,,,,,,,,,,,,,,0.227,0.227
China,,,,,,,,,,,,,,,,,,,,,,,,,,,,,,,,,,,,,,,,,,,,,,,,,,,,,,,,,,,,,,,,,,,,,,,,,,,0.249,0.249
Colombia,,,,,,,,,,,,,,,,,,,,0,0.0279,0.0372,0.0314,0.0258,0.0313,0.0366,0.0378,0.0391,0.0404,0.0418,0.0402,0.0386,0.037,0.0354,0.0345,0.0337,0.0328,0.0319,0.0343,0.0367,0.0391,0.0415,0.0455,0.0495,0.0535,0.0575,0.094,0.0937,0.0935,0.0933,0.1,0.107,0.114,0.122,0.118,0.115,0.112,0.108,0.105,0.103,0.0998,0.097,0.107,0.118,0.128,0.138,0.156,0.174,0.191,0.209,0.206,0.203,0.2,0.197,0.196,0.196
Comoros,,,,,,,,,,,,,,,,,,,,,,,,,,,,,,,,,,0,0,0,0,0,0,0,0,0,0,0.004,0.0079,0.0119,0.0159,0.0198,0.0238,0.0157,0.0078,0,0.003,0.0062,0.0096,0.0132,0.017,0.0211,0.0255,0.0303,0.0242,0.0182,0.0121,0.0061,0,0.0051,0.0101,0.0152,0.0202,0.0253,0.0303,0.0379,0.0455,0.053,0.0606,0.167
"Congo, Dem. Rep.",,,,,,,,,,,,,,,,0,0,0,0,0,0,0.0057,0.0114,0.0171,0.0229,0.0286,0.039,0.0515,0.0668,0.086,0.111,0.062,0.0184,0.0222,0.0258,0.0292,0.0324,0.0355,0.0383,0.0415,0.0451,0.0492,0.0541,0.041,0.0318,0.025,0.0197,0.0155,0.0369,0.0501,0.055,0.0601,0.0654,0.0708,0.0765,0.0824,0.0885,0.0949,0.102,0.0966,0.0907,0.084,0.0463,0.0723,0.0817,0.0865,0.0894,0.091,0.0925,0.094,0.0955,0.097,0.0985,0.1,0.12,0.143
"Congo, Rep.",,,,,,,,,,,,,,,0,0.0131,0.0265,0.0404,0.0545,0.0565,0.058,0.0592,0.0602,0.0611,0.0619,0.0625,0.0631,0.0636,0.064,0.0681,0.072,0.0755,0.0789,0.082,0.085,0.0876,0.0902,0.0928,0.0954,0.098,0.106,0.114,0.123,0.133,0.143,0.112,0.085,0.027,0.0162,0.027,0.0377,0.0483,0.0589,0.0694,0.0799,0.0904,0.101,0.111,0.114,0.12,0.133,0.0923,0.0741,0.073,0.0867,0.107,0.139,0.0735,0.115,0.194,0.161,0.147,0.14,0.138,0.136,0.136
Costa Rica,,,,,0,0.0167,0.0333,0.05,0.0667,0.0622,0.0578,0.0533,0.0489,0.0444,0.0365,0.0294,0.0231,0.0175,0.0263,0.0351,0.0439,0.0526,0.057,0.0614,0.0658,0.0702,0.0658,0.0614,0.057,0.0526,0.057,0.0614,0.0658,0.0702,0.0702,0.0702,0.0702,0.0702,0.0789,0.0877,0.0965,0.105,0.11,0.114,0.118,0.123,0.127,0.132,0.136,0.14,0.153,0.167,0.18,0.193,0.249,0.286,0.313,0.333,0.341,0.351,0.365,0.386,0.386,0.386,0.386,0.386,0.373,0.36,0.346,0.333,0.364,0.395,0.425,0.456,0.456,0.456
Cote d'Ivoire,,,,,,,,,,,,,,,,0,0.0082,0.0158,0.0228,0.0293,0.0353,0.0341,0.033,0.0319,0.0309,0.03,0.0442,0.0574,0.0696,0.081,0.0917,0.0829,0.0749,0.0675,0.0607,0.0544,0.055,0.0556,0.0562,0.0567,0.0571,0.0549,0.0526,0.0503,0.048,0.0457,0.0526,0.0594,0.0663,0.0731,0.08,0.0813,0.0824,0.0834,0.0843,0.0852,0.0878,0.0903,0.0927,0.0951,0.0974,0.0997,0.102,0.104,0.106,0.108,0.11,0.107,0.103,0.0991,0.0954,0.0916,0.12,0.192,0.133,0.136
Croatia,,,,,,,,,,,,,,,,,,,,,,,,,,,,,,,,,,,,,,,,,,,,,,,,0.058,0.0441,0.0667,0.0787,0.0646,0.0515,0.106,0.158,0.205,0.196,0.187,0.178,0.186,0.193,0.201,0.209,0.216,0.224,0.231,0.238,0.214,0.189,0.164,0.139,0.139,0.152,0.172,0.205,0.311
Cuba,,,,0.0317,0.0304,0.0292,0.028,0.027,0.026,0.0251,0.0242,0.0234,0.0227,0.022,0.049,0.0718,0.0913,0.108,0.123,0.136,0.148,0.158,0.167,0.176,0.184,0.191,0.197,0.203,0.208,0.213,0.218,0.223,0.223,0.224,0.225,0.226,0.226,0.249,0.272,0.295,0.317,0.339,0.321,0.304,0.287,0.271,0.256,0.242,0.228,0.237,0.247,0.257,0.267,0.276,0.293,0.31,0.326,0.343,0.36,0.374,0.389,0.403,0.417,0.432,0.444,0.454,0.461,0.466,0.471,0.478,0.486,0.497,0.512,0.532,0.532,0.532
Cyprus,,,,,,,,,,,,,,,,0,0,0,0,0,0,0,0,0,0,0,0,0,0,0,0,0,0.0057,0.0114,0.0171,0.0229,0.0286,0.0248,0.022,0.0197,0.0179,0.0238,0.0298,0.0357,0.0417,0.0476,0.0536,0.0536,0.0536,0.0536,0.0536,0.0536,0.0643,0.075,0.0857,0.0964,0.107,0.114,0.121,0.129,0.136,0.143,0.136,0.129,0.121,0.114,0.107,0.133,0.147,0.156,0.162,0.167,0.168,0.171,0.179,0.196
Czech Republic,,,,,,,,,,,,,,,,,,,,,,,,,,,,,,,,,,,,,,,,,,,,,,,,0.1,0.112,0.123,0.131,0.139,0.139,0.139,0.135,0.123,0.149,0.157,0.157,0.157,0.155,0.153,0.167,0.181,0.196,0.21,0.202,0.173,0.208,0.161,0.183,0.191,0.22,0.161,0.206,0.203
Denmark,0.0537,0.0853,0.106,0.0995,0.0909,0.0795,0.158,0.106,0.0939,0.0924,0.0904,0.0877,0.0838,0.0875,0.0912,0.095,0.095,0.095,0.095,0.095,0.101,0.106,0.106,0.106,0.128,0.151,0.173,0.162,0.151,0.154,0.156,0.162,0.168,0.201,0.235,0.235,0.235,0.244,0.253,0.263,0.272,0.281,0.291,0.33,0.33,0.33,0.331,0.332,0.334,0.335,0.345,0.355,0.365,0.374,0.376,0.378,0.38,0.377,0.374,0.371,0.369,0.371,0.374,0.379,0.383,0.387,0.391,0.387,0.383,0.379,0.374,0.379,0.383,0.387,0.391,0.397
Djibouti,,,,,,,,,,,,,,,,,,,,,,,,,,,,,,,,,0,0,0,0,0,0,0,0,0,0,0,0,0,0,0,0,0,0,0,0,0,0.0179,0.0359,0.0538,0.0718,0.0897,0.108,0.114,0.12,0.126,0.132,0.138,0.137,0.136,0.135,0.134,0.133,0.149,0.167,0.191,0.221,0.261,0.261,0.261
Dominica,,,,,,,,,,,,,,,,,,,,,,,,,,,,,,,,,,,,0.133,0.127,0.12,0.113,0.107,0.1,0.113,0.127,0.14,0.153,0.167,0.151,0.136,0.122,0.108,0.0938,0.113,0.131,0.15,0.169,0.188,0.176,0.165,0.153,0.141,0.129,0.128,0.127,0.126,0.125,0.192,0.2,0.207,0.213,0.219,0.225,0.231,0.238,0.244,0.25,0.344
Dominican Republic,,0,0.0263,0.0208,0.0128,0,0.0417,0.0577,0.08,0.13,0.0673,0.036,0.0172,0.0833,0.0517,0.0397,0.0333,0.0294,0.0319,0.0345,0.037,0.0396,0.047,0.0545,0.0619,0.0693,0.0879,0.105,0.121,0.136,0.129,0.123,0.117,0.11,0.0938,0.0792,0.0662,0.0544,0.0575,0.0606,0.0637,0.0667,0.0733,0.08,0.0867,0.0933,0.095,0.0967,0.0983,0.1,0.113,0.125,0.135,0.145,0.151,0.155,0.157,0.16,0.162,0.164,0.167,0.171,0.176,0.181,0.186,0.191,0.166,0.147,0.132,0.12,0.11,0.101,0.132,0.176,0.243,0.257
Ecuador,,,,0,0,0,0,0,0.0021,0.0042,0.0063,0.0083,0.0104,0.0125,0.0146,0.0167,0.0162,0.0158,0.0152,0.0146,0.0139,0.013,0.0099,0.008,0.0076,0.0071,0.0066,0.0061,0.0055,0.0048,0.0041,0.0032,0.0023,0.0012,0,0.0086,0.0171,0.0254,0.0336,0.0417,0.0278,0.0139,0.0288,0.0448,0.0597,0.0746,0.0672,0.0597,0.0522,0.0448,0.0932,0.128,0.153,0.174,0.171,0.167,0.164,0.16,0.183,0.205,0.228,0.25,0.278,0.302,0.323,0.336,0.345,0.352,0.356,0.36,0.364,0.37,0.38,0.38,0.38,0.394
Egypt,,,,,,0,0.0009,0.0017,0.0026,0.0034,0.0042,0.005,0.0057,0.0085,0.0103,0.0117,0.0134,0.0156,0.0185,0.0222,0.0194,0.0167,0.0139,0.0111,0.0083,0.0153,0.0222,0.0211,0.02,0.0189,0.0178,0.0167,0.0423,0.0664,0.0893,0.0869,0.0846,0.0825,0.0805,0.0786,0.0655,0.0524,0.0393,0.0336,0.0278,0.022,0.0216,0.0211,0.0207,0.0203,0.0198,0.0207,0.0216,0.0225,0.0233,0.0242,0.0314,0.0404,0.0522,0.0682,0.0198,0.0489,0.0739,0.0912,0.109,0.127,0.0197,0.0561,0.0897,0.121,0.149,0.149,0.149,0.149,0.149,0.151
El Salvador,,,,,,,,,,,,,,,,,0.037,0.0313,0.0253,0.0192,0.0673,0.115,0.0769,0.0385,0.0385,0.0385,0.0385,0.0385,0.0481,0.0577,0.0566,0.0556,0.0648,0.0741,0.0901,0.105,0.12,0.133,0.117,0.0917,0.0667,0.0833,0.1,0.117,0.103,0.0921,0.0833,0.0913,0.0992,0.107,0.107,0.107,0.107,0.103,0.0992,0.0952,0.0992,0.103,0.107,0.127,0.147,0.167,0.175,0.183,0.191,0.214,0.238,0.262,0.282,0.302,0.321,0.318,0.314,0.309,0.309,0.333
Equatorial Guinea,,,,,,,,,,,,,,,,,,,,,,,,0.0571,0.0545,0.0522,0.05,0.048,0.0462,0.0444,0.0429,0.0414,0.04,0.0387,0.0375,0.0364,0.0353,0.0343,0.0333,0.0533,0.0733,0.0933,0.113,0.133,0.119,0.106,0.0944,0.0842,0.075,0.0708,0.0667,0.0625,0.0583,0.0542,0.05,0.111,0.135,0.147,0.155,0.16,0.152,0.14,0.117,0.06,0.0982,0.128,0.152,0.172,0.188,0.187,0.187,0.186,0.185,0.188,0.192,0.192
Eritrea,,,,,,,,,,,,,,,,,,,,,,,,,,,,,,,,,,,,,,,,,,,,,,,,,,0.209,0.21,0.211,0.211,0.212,0.212,0.213,0.213,0.214,0.214,0.215,0.215,0.216,0.216,0.216,0.217,0.217,0.217,0.218,0.218,0.218,0.219,0.219,0.219,0.22,0.22,
Estonia,,,,,,,,,,,,,,,,,,,,,,,,,,,,,,,,,,,,,,,,,,,,,,0.0571,0.0966,0.137,0.134,0.132,0.129,0.141,0.153,0.166,0.178,0.181,0.183,0.186,0.188,0.205,0.213,0.218,0.221,0.219,0.215,0.21,0.198,0.208,0.218,0.228,0.238,0.253,0.267,0.282,0.297,0.287
Eswatini,,,,,,,,,,,,,,,,,,,,,,,,,,,,0.0267,0.0311,0.0356,0.04,0.0444,0.0489,0.0533,0.0533,0.0533,0.0533,0.0533,0.0533,0.0567,0.06,0.0633,0.0667,0.0702,0.0735,0.0765,0.0792,0.0818,0.0842,0.08,0.0758,0.0716,0.0674,0.0632,0.0842,0.105,0.126,0.147,0.168,0.172,0.175,0.178,0.18,0.181,0.177,0.172,0.165,0.157,0.147,0.154,0.162,0.175,0.195,0.233,0.121,0.184
Ethiopia,,,,,,,,,,,,,0.0082,0.0098,0.0114,0.0131,0.0147,0.0163,0.0156,0.0149,0.0143,0.0137,0.0132,0.0127,0.0122,0.0118,0.0114,0.011,0.0107,0.0093,0.0081,0.0071,0.0062,0.0054,0.0047,0.0041,0.0036,0.0031,0.0026,0.0022,0.0019,0.0015,0.0012,0.0039,0.0067,0.0097,0.0128,0.0162,0.0199,0.0237,0.0279,0.0377,0.0475,0.0572,0.0669,0.0765,0.119,0.151,0.175,0.195,0.211,0.216,0.223,0.231,0.242,0.255,0.279,0.303,0.327,0.35,0.373,0.373,0.373,0.373,0.373,0.373
Fiji,,,,,,,,,,,,,,,,,,,,,,,,,,0.0455,0.0405,0.0385,0.0393,0.0405,0.0424,0.0455,0.0192,0.0213,0.023,0.0245,0.0259,0.027,0.0231,0.0185,0.0133,0.0072,0,0.013,0.0222,0.029,0.0343,0.0385,0.0402,0.0429,0.0601,0.0745,0.0869,0.0975,0.107,0.0971,0.0874,0.0965,0.105,0.112,0.119,0.126,0.128,0.13,0.133,0.136,0.139,0.144,0.151,0.16,0.169,0.178,0.187,0.196,0.196,0.196
Finland,0.09,0.0967,0.103,0.11,0.117,0.123,0.13,0.137,0.143,0.15,0.149,0.148,0.146,0.145,0.144,0.143,0.141,0.14,0.146,0.153,0.159,0.165,0.165,0.165,0.165,0.165,0.19,0.215,0.22,0.225,0.23,0.238,0.245,0.253,0.26,0.271,0.283,0.294,0.305,0.308,0.31,0.313,0.315,0.334,0.353,0.371,0.39,0.376,0.363,0.349,0.335,0.344,0.353,0.361,0.37,0.371,0.373,0.374,0.375,0.392,0.403,0.411,0.418,0.419,0.42,0.422,0.425,0.423,0.42,0.418,0.415,0.429,0.443,0.456,0.47,0.46
France,0.0563,0.0619,0.0577,0.0375,0.0353,0.0344,0.0338,0.0333,0.0324,0.031,0.0282,0.0319,0.0227,0.0167,0.0163,0.0175,0.0181,0.0185,0.0184,0.0182,0.0203,0.0216,0.0226,0.0195,0.0187,0.0172,0.0141,0.022,0.0265,0.0247,0.0221,0.0195,0.0169,0.0428,0.0352,0.023,0.0713,0.0545,0.0284,0.0425,0.0488,0.0525,0.0591,0.0693,0.0312,0.0374,0.0436,0.0498,0.0641,0.0612,0.0561,0.0902,0.109,0.0592,0.0759,0.0926,0.109,0.122,0.128,0.14,0.153,0.167,0.182,0.219,0.207,0.202,0.199,0.269,0.262,0.25,0.309,0.336,0.352,0.36,0.369,0.372
Gabon,,,,,,,,,,,,,,,,,0.0149,0.011,0.0062,0,0,0,0,0.0074,0.0147,0.0219,0.029,0.036,0.0429,0.0604,0.0765,0.0912,0.105,0.117,0.129,0.14,0.138,0.137,0.136,0.134,0.133,0.118,0.104,0.0888,0.0738,0.0588,0.0629,0.067,0.0711,0.0752,0.0793,0.0833,0.11,0.105,0.1,0.096,0.0924,0.109,0.132,0.129,0.127,0.125,0.132,0.139,0.147,0.14,0.133,0.15,0.169,0.19,0.187,0.184,0.181,0.179,0.179,0.161
Gambia,,,,,,,,,,,,,,,,,,,,,,0,0,0,0,0,0,0,0.0072,0.0141,0.0207,0.0271,0.0333,0.0393,0.0451,0.0506,0.056,0.0612,0.0648,0.0683,0.0717,0.0751,0.0784,0.0784,0.0784,0.0784,0.0784,0.0784,0.0672,0.0558,0.0442,0.0324,0.0204,0.0442,0.0672,0.0895,0.111,0.132,0.124,0.117,0.109,0.102,0.0943,0.0906,0.0868,0.083,0.0792,0.0755,0.0815,0.0873,0.0929,0.0982,0.103,0.103,0.103,0.0862
Georgia,,,,,,,,,,,,,,,,,,,,,,,,,,,,,,,,,,,,,,,,,,,,,,0.072,0.0678,0.0631,0.0652,0.0673,0.0693,0.07,0.0708,0.0716,0.0723,0.0759,0.0784,0.0803,0.0818,0.083,0.0808,0.0774,0.0717,0.06,0.075,0.09,0.105,0.12,0.106,0.0983,0.094,0.0911,0.0991,0.114,0.148,0.141
Germany,,,,,,,,,,,,,,,,,,,,,,,,,,,,,,,,,,,,,,,,,,,,,,0.205,0.22,0.235,0.249,0.263,0.275,0.286,0.298,0.309,0.312,0.315,0.318,0.322,0.32,0.319,0.318,0.32,0.323,0.325,0.328,0.333,0.336,0.337,0.339,0.335,0.33,0.322,0.308,0.312,0.316,0.316
Ghana,,,,,,,,,,,,,,,,0.0962,0.0962,0.0962,0.0962,0.0962,0.0962,0.0708,0.0492,0.0305,0.0143,0.0164,0.0186,0.0207,0.0229,0.025,0.0271,0.0293,0.0314,0.0336,0.0357,0.0404,0.0448,0.049,0.0529,0.0566,0.0601,0.0634,0.0665,0.0695,0.0723,0.075,0.0776,0.08,0.0825,0.085,0.0875,0.09,0.09,0.09,0.09,0.09,0.0952,0.1,0.104,0.109,0.101,0.0939,0.0864,0.0789,0.0834,0.0876,0.0916,0.0954,0.0991,0.103,0.106,0.109,0.116,0.124,0.131,0.131
Greece,,0,0,0,0,0,0,0.0033,0.0042,0.005,0.0058,0.0067,0.01,0.0133,0.0111,0.0089,0.0067,0.005,0.0033,0.0067,0.008,0.0093,0.0107,0.012,0.0133,0.0147,0.016,0.0173,0.0187,0.02,0.0244,0.0289,0.0333,0.0358,0.0383,0.0408,0.0433,0.0433,0.0433,0.0433,0.0433,0.0473,0.05,0.0519,0.0533,0.0467,0.0511,0.0556,0.06,0.0611,0.0622,0.0633,0.0692,0.075,0.0808,0.0867,0.1,0.113,0.127,0.14,0.147,0.151,0.153,0.16,0.173,0.186,0.198,0.21,0.217,0.223,0.23,0.224,0.218,0.213,0.207,0.217
Grenada,,,,,,,,,,,,,,,,,,,,,,,,,,,,0.143,0.143,0.143,0.143,0.143,0.138,0.133,0.128,0.123,0.118,0.113,0.108,0.103,0.11,0.116,0.123,0.129,0.136,0.143,0.136,0.129,0.121,0.114,0.107,0.125,0.143,0.161,0.179,0.205,0.232,0.259,0.286,0.271,0.257,0.243,0.229,0.214,0.232,0.25,0.268,0.286,0.304,0.321,0.339,0.357,0.375,0.393,0.393,0.393
Guatemala,,,,,,,,,,0.0152,0,0,0,0,0,0,0,0,0,0,0.0067,0.0182,0.0187,0.0192,0.0198,0.0204,0.0254,0.0303,0.0352,0.04,0.0377,0.0357,0.0339,0.0323,0.0327,0.033,0.0333,0.0336,0.0339,0.0341,0.07,0.0659,0.062,0.0584,0.055,0.0517,0.0561,0.0612,0.0674,0.075,0.125,0.108,0.0933,0.0811,0.0708,0.0744,0.0775,0.0801,0.0823,0.0918,0.101,0.111,0.12,0.123,0.127,0.13,0.133,0.134,0.136,0.138,0.139,0.153,0.167,0.18,0.194,0.194
Guinea,,,,,,,,,,,,,,,,,,,0.187,0.192,0.197,0.203,0.208,0.213,0.2,0.19,0.182,0.176,0.171,0.167,0.163,0.159,0.156,0.152,0.148,0.144,0.14,0.136,0.132,0.127,0.123,0.118,0.113,0.108,0.103,0.0983,0.093,0.0875,0.0819,0.0761,0.0702,0.0877,0.105,0.123,0.14,0.158,0.175,0.193,0.195,0.198,0.2,0.203,0.205,0.207,0.21,0.212,0.214,0.217,0.219,0.221,0.222,0.224,0.225,0.227,0.228,0.167
Guinea-Bissau,,,,,,,,,,,,,,,,,,,,,,,,,,,,0.0833,0.0961,0.107,0.118,0.127,0.129,0.132,0.134,0.137,0.139,0.142,0.144,0.147,0.157,0.168,0.179,0.189,0.2,0.186,0.169,0.15,0.127,0.1,0.0956,0.0913,0.087,0.0827,0.0784,0.0906,0.103,0.115,0.128,0.14,0.13,0.12,0.11,0.1,0.106,0.113,0.119,0.125,0.131,0.137,0.137,0.137,0.137,0.137,0.137,0.137
Guyana,,,,,,,,,,,,,,,,,,,,0.0943,0.0985,0.103,0.107,0.111,0.115,0.119,0.124,0.128,0.132,0.136,0.141,0.145,0.149,0.153,0.157,0.16,0.164,0.168,0.171,0.175,0.178,0.181,0.185,0.188,0.191,0.194,0.197,0.2,0.2,0.2,0.2,0.2,0.2,0.2,0.2,0.2,0.2,0.219,0.237,0.255,0.273,0.29,0.294,0.299,0.304,0.309,0.313,0.311,0.309,0.307,0.304,0.308,0.312,0.315,0.319,0.357
Haiti,,0,0,0,0,0,0,0,0,0,0,0,0,0.0129,0.0259,0.0388,0.0517,0.0575,0.0632,0.069,0.0747,0.0805,0.0862,0.0776,0.069,0.0603,0.0517,0.0431,0.0345,0.0374,0.0402,0.0431,0.046,0.0489,0.0517,0.0584,0.0651,0.0717,0.0782,0.0847,0.0605,0.0429,0.0296,0.0192,0.0234,0.0273,0.0274,0.0276,0.0277,0.0279,0.028,0.0186,0,0.0459,0.073,0.0909,0.0952,0.1,0.107,0.114,0.123,0.136,0.0408,0.0472,0.069,0.04,0.0359,0.0321,0.0284,0.0248,0.0214,0.0233,0.0259,0.0269,0.0274,0
Honduras,,,,,0,0,0,0,0,0,0.017,0.0343,0.0517,0.0489,0.0462,0.0436,0.041,0.0385,0.036,0.0336,0.0313,0.0419,0.0526,0.0635,0.0745,0.0856,0.0968,0.0917,0.0868,0.0821,0.0774,0.073,0.0686,0.0644,0.0603,0.0563,0.0854,0.0818,0.0791,0.0769,0.0752,0.0816,0.0881,0.0948,0.102,0.0938,0.0859,0.0781,0.0703,0.0723,0.0742,0.0762,0.0781,0.0723,0.0664,0.0605,0.0547,0.0996,0.144,0.189,0.234,0.221,0.207,0.193,0.18,0.199,0.219,0.238,0.258,0.246,0.234,0.223,0.211,0.211,0.211,0.211
Hungary,0.0285,0.0409,0.0535,0.114,0.177,0.176,0.176,0.175,0.174,0.176,0.178,0.18,0.182,0.183,0.183,0.183,0.183,0.183,0.182,0.186,0.19,0.194,0.198,0.208,0.218,0.229,0.239,0.251,0.263,0.275,0.287,0.29,0.293,0.296,0.298,0.301,0.281,0.261,0.243,0.225,0.207,0.18,0.153,0.126,0.0995,0.0725,0.0829,0.0933,0.104,0.114,0.106,0.0984,0.0907,0.0829,0.0849,0.0863,0.0872,0.088,0.0902,0.0932,0.0974,0.104,0.1,0.0972,0.0939,0.0907,0.0914,0.0923,0.0936,0.0955,0.103,0.111,0.118,0.126,0.126,0.121
Iceland,,0.0192,0.0256,0.0321,0.0385,0.0288,0.0192,0.0096,0,0.0064,0.0128,0.0192,0.0278,0.0326,0.0357,0.0328,0.0291,0.024,0.0167,0.0167,0.0167,0.0167,0.0167,0.025,0.0333,0.0417,0.05,0.05,0.05,0.05,0.05,0.05,0.05,0.05,0.05,0.075,0.1,0.125,0.15,0.165,0.179,0.193,0.206,0.214,0.222,0.23,0.238,0.242,0.246,0.25,0.254,0.278,0.302,0.325,0.349,0.337,0.325,0.314,0.302,0.311,0.318,0.322,0.325,0.36,0.429,0.421,0.413,0.405,0.397,0.421,0.435,0.444,0.381,0.381,0.381,0.381
India,,,,,,,0.0382,0.0694,0.0736,0.0776,0.082,0.0862,0.0548,0.0948,0.0983,0.102,0.0779,0.0704,0.0747,0.0882,0.0924,0.0966,0.0593,0.0917,0.075,0.0583,0.0405,0.0741,0.072,0.07,0.0842,0.0984,0.0333,0.103,0.079,0.0717,0.078,0.0984,0.0915,0.0894,0.0925,0.103,0.102,0.102,0.0499,0.098,0.0723,0.0694,0.0755,0.0816,0.0754,0.0734,0.0779,0.0826,0.0844,0.0898,0.0959,0.102,0.0951,0.093,0.0964,0.107,0.108,0.108,0.108,0.103,0.101,0.098,0.112,0.116,0.119,0.119,0.117,0.114,0.135,0.131
Indonesia,,,,,,0.031,0.0357,0.0411,0.0472,0.0542,0.0625,0.0623,0.0621,0.062,0.0618,0.0921,0.0904,0.0887,0.0872,0.0857,0.0842,0.0829,0.0785,0.0749,0.0738,0.0727,0.0717,0.0721,0.0725,0.0728,0.0732,0.0736,0.0739,0.0774,0.0809,0.0843,0.0878,0.0913,0.0983,0.105,0.112,0.118,0.124,0.124,0.123,0.123,0.122,0.122,0.123,0.124,0.124,0.125,0.126,0.103,0.08,0.0871,0.0938,0.1,0.107,0.113,0.133,0.147,0.158,0.166,0.172,0.172,0.171,0.17,0.169,0.168,0.169,0.17,0.171,0.173,0.174,0.204
Iran,,,0,0,0,0,0,0,0,0,0.0044,0.0085,0.0123,0.0159,0.0193,0.0225,0.0255,0.0283,0.031,0.0313,0.0317,0.032,0.0323,0.0412,0.0494,0.057,0.064,0.0648,0.0655,0.0663,0.0671,0.0582,0.0486,0.0382,0.027,0.0148,0.0148,0.0148,0.0148,0.0148,0.0148,0.0148,0.0148,0.0148,0.0196,0.0245,0.0294,0.0345,0.0359,0.0373,0.0388,0.0403,0.0387,0.0372,0.0358,0.0345,0.0362,0.0379,0.0397,0.0414,0.0379,0.0345,0.031,0.0276,0.0284,0.0293,0.0302,0.031,0.0366,0.0403,0.0429,0.0449,0.0477,0.0519,0.0588,0.0559
Iraq,,,,0,0,0,0,0,0,0,0,0,0,0,0.0049,0.0094,0.0137,0.0177,0.0215,0.0251,0.0285,0.0318,0.0348,0.0377,0.0405,0.0431,0.0457,0.0481,0.0504,0.0526,0.0547,0.0567,0.0586,0.0605,0.0623,0.064,0.081,0.098,0.115,0.132,0.127,0.122,0.118,0.113,0.108,0.102,0.0954,0.0891,0.0829,0.0766,0.0703,0.064,0.067,0.07,0.073,0.076,0.127,0.177,0.224,0.271,0.315,0.301,0.287,0.275,0.263,0.252,0.253,0.253,0.253,0.253,0.253,0.253,0.253,0.252,0.252,0.264
Ireland,,,,0.0386,0.0386,0.0386,0.0386,0.0386,0.0386,0.0386,0.0403,0.0419,0.0435,0.04,0.0365,0.033,0.0294,0.0331,0.0368,0.0404,0.0441,0.0429,0.0418,0.0406,0.0394,0.0394,0.0394,0.0394,0.0394,0.0441,0.0487,0.0532,0.0577,0.0647,0.0714,0.0779,0.0841,0.0973,0.1,0.0911,0.0874,0.0854,0.0841,0.0841,0.0841,0.0939,0.106,0.121,0.133,0.136,0.137,0.137,0.137,0.138,0.138,0.138,0.139,0.139,0.141,0.143,0.146,0.15,0.155,0.161,0.165,0.168,0.171,0.181,0.192,0.204,0.216,0.23,0.233,0.237,0.243,0.273
Israel,,,,,0.108,0.1,0.0917,0.0917,0.0917,0.0917,0.0917,0.0875,0.0833,0.0792,0.075,0.0792,0.0833,0.0813,0.0792,0.0771,0.075,0.0729,0.0708,0.0688,0.0667,0.0667,0.0667,0.0667,0.0667,0.0667,0.0667,0.0667,0.0667,0.0688,0.0708,0.0729,0.075,0.0778,0.0806,0.0833,0.0792,0.075,0.0708,0.0667,0.0729,0.0792,0.0854,0.0917,0.0952,0.0988,0.102,0.106,0.109,0.113,0.117,0.125,0.133,0.142,0.15,0.147,0.144,0.142,0.153,0.164,0.175,0.193,0.206,0.214,0.221,0.241,0.248,0.247,0.246,0.243,0.233,0.275
Italy,,0.0378,0.0469,0.0524,0.0503,0.048,0.0457,0.0433,0.0408,0.0393,0.0377,0.0362,0.0347,0.0331,0.0339,0.0347,0.0354,0.0361,0.0368,0.0353,0.0338,0.0324,0.0309,0.0294,0.0299,0.0305,0.031,0.0315,0.0389,0.0462,0.0536,0.0609,0.0627,0.0644,0.0662,0.0667,0.0672,0.0676,0.0681,0.0781,0.0881,0.098,0.108,0.103,0.0991,0.0946,0.0902,0.0858,0.108,0.13,0.115,0.1,0.0972,0.0944,0.0919,0.0897,0.0877,0.0992,0.112,0.126,0.142,0.161,0.181,0.201,0.229,0.248,0.261,0.27,0.278,0.285,0.295,0.308,0.327,0.356,0.353,0.353
Jamaica,,,,,,,,,,,,,,,,,,,,,,,0.0541,0.0568,0.0595,0.0622,0.0649,0.0676,0.0759,0.0839,0.0915,0.0988,0.105,0.111,0.117,0.123,0.123,0.123,0.123,0.117,0.111,0.105,0.0988,0.0926,0.0864,0.0957,0.105,0.114,0.123,0.123,0.123,0.123,0.123,0.126,0.128,0.131,0.133,0.136,0.136,0.136,0.136,0.136,0.136,0.134,0.132,0.13,0.127,0.238,0.186,0.173,0.167,0.163,0.169,0.178,0.191,0.309
Japan,,0.0837,0.0349,0.0313,0.0258,0.048,0.0293,0.0193,0.0335,0.027,0.0171,0.06,0.0363,0.0236,0.052,0.015,0.0321,0.064,0.015,0.0335,0.0683,0.0327,0.0144,0.052,0.0165,0.0285,0.0518,0.0143,0.0336,0.0714,0.0315,0.0117,0.064,0.0355,0.0215,0.0341,0.0342,0.0342,0.0342,0.0355,0.0367,0.038,0.0512,0.075,0.131,0.0234,0.0641,0.147,0.0274,0.0642,0.139,0.046,0.0878,0.171,0.107,0.0729,0.154,0.099,0.0708,0.136,0.0803,0.113,0.178,0.145,0.113,0.182,0.114,0.0792,0.171,0.0947,0.139,0.182,0.166,0.154,0.145,0.144
Jordan,,0,0,0,0,0,0,0,0,0,0,0,0,0,0,0,0,0,0,0,0,0,0,0,0,0,0,0,0,0,0,0,0,0,0,0,0,0,0,0,0.0042,0.0061,0.0071,0.0078,0.0083,0.0125,0.0167,0.0208,0.025,0.0214,0.0188,0.0167,0.015,0.024,0.0336,0.0438,0.0547,0.0663,0.0788,0.0864,0.109,0.0909,0.0848,0.098,0.111,0.122,0.117,0.116,0.116,0.121,0.125,0.13,0.135,0.142,0.154,0.138
Kazakhstan,,,,,,,,,,,,,,,,,,,,,,,,,,,,,,,,,,,,,,,,,,,,,,0.0667,0.074,0.0838,0.0976,0.119,0.122,0.119,0.118,0.117,0.116,0.112,0.104,0.0769,0.0948,0.104,0.0513,0.13,0.159,0.038,0.039,0.0405,0.0426,0.243,0.188,0.0638,0.23,0.266,0.106,0.194,0.221,0.245
Kenya,,,,,,,,,,,,,,,,,,,0,0.002,0.0039,0.0058,0.0078,0.0097,0.0116,0.0163,0.0209,0.0256,0.0302,0.0349,0.0337,0.0326,0.0314,0.0302,0.0291,0.0262,0.0233,0.0203,0.0174,0.016,0.0146,0.0132,0.0119,0.0106,0.0157,0.0205,0.0252,0.0297,0.0297,0.0297,0.0297,0.0297,0.0297,0.0388,0.0474,0.0558,0.0638,0.0714,0.0759,0.0804,0.0848,0.0893,0.0938,0.103,0.111,0.118,0.125,0.131,0.137,0.168,0.193,0.214,0.233,0.233,0.233,0.233
Kiribati,,,,,,,,,,,,,,,,,,,,,,,,,,,,,,,,,,0,0,0,0,0,0,0,0,0,0,0,0,0,0,0,0,0,0.0121,0.0241,0.0359,0.0476,0.0476,0.0476,0.0476,0.0476,0.0476,0.0465,0.0455,0.0444,0.0435,0.0543,0.0652,0.0761,0.087,0.0815,0.0761,0.0707,0.0652,0.0652,0.0652,0.0652,0.0652,0.0889
Kuwait,,,,,,,,,,,,,,,,,,0,0,0,0,0,0,0,0,0,0,0,0,0,0,0,0,0,0,0,0,0,0,0,0,0,0,0,0,0,0,0,0.0058,0.012,0.0184,0.0252,0.0323,0.0397,0.0476,0.0314,0.0187,0.0084,0,0.0051,0.0103,0.0154,0.0231,0.0308,0.0769,0.0561,0.047,0.0419,0.8,0.08,0.034,0.0174,0.0237,0.0327,0.0462,0.0635
Kyrgyz Republic,,,,,,,,,,,,,,,,,,,,,,,,,,,,,,,,,,,,,,,,,,,,,,0.0629,0.0633,0.0638,0.0644,0.0653,0.0667,0.064,0.0602,0.0545,0.0445,0.0233,0.0162,0.0108,0.0064,0.0029,0,0.139,0.256,0.247,0.239,0.233,0.225,0.217,0.208,0.2,0.192,0.192,0.192,0.192,0.192,0.192
Lao,,,,,,,,,,,0,0,0,0,0,0,0,0,0,0,0,0,0,0.0068,0.0136,0.0203,0.0271,0.0339,0.0491,0.0671,0.0889,0.0858,0.0831,0.0806,0.0783,0.0763,0.0743,0.0726,0.071,0.0694,0.068,0.0667,0.0655,0.0644,0.0633,0.0741,0.0843,0.0941,0.121,0.146,0.169,0.191,0.212,0.216,0.219,0.223,0.226,0.229,0.235,0.241,0.247,0.252,0.252,0.251,0.251,0.25,0.25,0.256,0.261,0.266,0.271,0.275,0.275,0.275,0.275,0.275
Latvia,,,,,,,,,,,,,,,,,,,,,,,,,,,,,,,,,,,,,,,,,,,,,,0.0448,0.0657,0.0973,0.15,0.154,0.158,0.162,0.166,0.17,0.173,0.175,0.178,0.18,0.183,0.185,0.188,0.19,0.19,0.19,0.19,0.19,0.23,0.217,0.203,0.19,0.22,0.25,0.28,0.31,0.3,0.3
Lebanon,,,0,0,0,0,0,0,0,0,0,0,0,0,0,0,0,0,0,0,0,0,0,0,0,0,0,0,0.0015,0.0029,0.0044,0.0057,0.0071,0.0084,0.0096,0.0108,0.012,0.0132,0.0144,0.0155,0.0165,0.0176,0.0186,0.0196,0.0206,0.0216,0.0225,0.0234,0.0234,0.0234,0.0234,0.0234,0.0234,0.0234,0.0234,0.0234,0.0281,0.0328,0.0375,0.0422,0.0469,0.043,0.0391,0.0352,0.0313,0.033,0.0347,0.0365,0.0382,0.0399,0.0417,0.0434,0.0451,0.0469,0.0469,0.0469
Lesotho,,,,,,,,,,,,,,,,,,,,,0.0323,0.0363,0.0403,0.0444,0.0484,0.0524,0.0565,0.0605,0.0645,0.0598,0.055,0.0501,0.0451,0.04,0.0347,0.0293,0.0237,0.018,0.0122,0.0062,0,0.0186,0.0349,0.0493,0.062,0.0734,0.0854,0.0984,0.112,0.111,0.11,0.108,0.107,0.106,0.126,0.143,0.157,0.17,0.185,0.2,0.216,0.231,0.247,0.248,0.25,0.252,0.253,0.255,0.253,0.251,0.248,0.239,0.229,0.229,0.23,0.23
Liberia,,,,,,,,,,,,,,,,,,,,,,,,,,,,,,,,,,,,,,,,,,,,,,,,,,0.0571,0.0875,0.102,0.111,0.103,0.0938,0.0843,0.0744,0.0638,0.0526,0.0882,0.138,0.133,0.127,0.122,0.117,0.112,0.107,0.11,0.117,0.133,0.114,0.105,0.0986,0.109,0.117,0.0971
Libya,,,,,,,,0,0,0,0,0,0,0,0,0,0,0,0,0,0,0.0252,0.0385,0.0466,0.0522,0.0562,0.0592,0.0616,0.0635,0.0651,0.0664,0.0675,0.0684,0.0693,0.07,0.0706,0.0712,0.0717,0.0722,0.0726,0.073,0.0733,0.0737,0.074,0.0742,0.0745,0.0747,0.0749,0.0751,0.0753,0.0755,0.0757,0.0758,0.076,0.0761,0.0763,0.0764,0.0765,0.0766,0.0767,0.0768,0.0769,0.0839,0.0924,0.103,0.118,0.137,0.165,0.162,0.16,0.16,0.16,0.16,0.16,0.16,0.16
Liechtenstein,,,,,,,,,,,,,,,,,,,,,,,,,,,,,,,,,,,,,,,,,,0.0667,0.0545,0.0462,0.04,0.048,0.0533,0.0571,0.06,0.0571,0.0533,0.048,0.04,0.06,0.08,0.1,0.12,0.15,0.18,0.21,0.24,0.24,0.24,0.24,0.24,0.23,0.22,0.21,0.2,0.18,0.16,0.14,0.12,0.12,0.12,0.12
Lithuania,,,,,,,,,,,,,,,,,,,,,,,,,,,,,,,,,,,,,,,,,,,,,,0.0993,0.0851,0.0709,0.0982,0.126,0.154,0.183,0.163,0.144,0.125,0.106,0.131,0.156,0.181,0.206,0.199,0.191,0.184,0.177,0.194,0.211,0.228,0.245,0.236,0.23,0.226,0.223,0.221,0.218,0.213,0.241
Luxembourg,0,0,0,0,0,0,0,0,0,0,0,0,0,0,0,0,0,0,0,0,0.0089,0.0179,0.0268,0.0357,0.0383,0.0409,0.0435,0.046,0.0484,0.0508,0.0678,0.0847,0.102,0.119,0.136,0.132,0.128,0.124,0.12,0.117,0.12,0.123,0.127,0.13,0.133,0.147,0.16,0.173,0.187,0.2,0.193,0.187,0.18,0.173,0.167,0.173,0.18,0.187,0.193,0.2,0.21,0.22,0.23,0.24,0.25,0.258,0.267,0.275,0.283,0.267,0.25,0.233,0.217,0.2,0.25,0.3
Madagascar,,,,,,,,,,,,,,,,0,0.0025,0.005,0.0075,0.0101,0.0127,0.0229,0.0332,0.0435,0.054,0.0645,0.06,0.0553,0.0504,0.0454,0.0402,0.0348,0.0292,0.0268,0.0243,0.0219,0.0195,0.017,0.0146,0.0231,0.0316,0.04,0.0484,0.0568,0.0652,0.058,0.0507,0.0435,0.0362,0.0456,0.0546,0.0634,0.0718,0.08,0.0872,0.097,0.111,0.0375,0.0444,0.0521,0.0604,0.0697,0.08,0.136,0.124,0.121,0.14,0.158,0.175,0.177,0.191,0.179,0.174,0.171,0.169,0.183
Malawi,,,,,,,,,,,,,,,,,,,,,,,,,,,0.0667,0.0673,0.0678,0.0682,0.0686,0.069,0.0805,0.092,0.0824,0.0734,0.065,0.057,0.0495,0.0597,0.0691,0.0776,0.0854,0.0926,0.0992,0.105,0.111,0.116,0.0836,0.0565,0.0621,0.0675,0.0726,0.0776,0.0825,0.0947,0.107,0.12,0.133,0.146,0.159,0.171,0.184,0.196,0.208,0.2,0.192,0.183,0.175,0.167,0.179,0.192,0.204,0.217,0.229,0.229
Malaysia,,,,,,,,,,,,,,,0.0213,0,0,0,0,0.0152,0.0345,0.0345,0.0345,0.0345,0.0248,0.0345,0.0345,0.037,0.037,0.0337,0.037,0.0926,0.0926,0.0577,0.0926,0.104,0.104,0.0679,0.104,0.132,0.132,0.0696,0.132,0.158,0.18,0.0913,0.18,0.148,0.148,0.148,0.111,0.231,0.174,0.174,0.0992,0.261,0.174,0.174,0.37,0.132,0.257,0.257,0.277,0.146,0.281,0.243,0.243,0.243,0.156,0.288,0.231,0.225,0.221,0.139,0.155,0.159
Maldives,,,,,,,,,,,,,,,,,,,,,,,,,,,,,,,,,,,0.0417,0.0375,0.0333,0.0292,0.025,0.0208,0.0292,0.0375,0.0458,0.0542,0.0625,0.0625,0.0625,0.0625,0.0625,0.0625,0.0625,0.0619,0.0612,0.0606,0.06,0.07,0.08,0.09,0.1,0.11,0.12,0.101,0.0866,0.0747,0.0649,0.0636,0.0623,0.0611,0.06,0.0588,0.0562,0.0536,0.051,0.0485,0.046,0.046
Mali,,,,,,,,,,,,,,,,,,,,0.0125,0.0141,0.0158,0.0174,0.019,0.0207,0.0223,0.0239,0.0255,0.0271,0.0287,0.0303,0.0319,0.0334,0.035,0.0366,0.0325,0.0285,0.0244,0.0285,0.0325,0.0366,0.0447,0.0528,0.061,0.048,0.0379,0.0299,0.0233,0.0452,0.0661,0.0858,0.105,0.122,0.118,0.114,0.11,0.106,0.102,0.102,0.102,0.102,0.102,0.102,0.101,0.0998,0.0986,0.0975,0.0964,0.0952,0.0952,0.0952,0.0952,0.0952,0.0952,0.0952,0.279
Malta,,,,,,,,,,,,,,,,,,,,,,0.04,0.0392,0.0385,0.0377,0.037,0.0364,0.0351,0.0339,0.0328,0.0317,0.0308,0.0308,0.0308,0.0308,0.0308,0.0308,0.0305,0.0302,0.0299,0.0296,0.0293,0.029,0.0264,0.0237,0.021,0.0182,0.0154,0.0282,0.041,0.0538,0.0667,0.0795,0.0923,0.0892,0.0862,0.0831,0.08,0.0769,0.079,0.0811,0.0831,0.085,0.087,0.0983,0.109,0.121,0.132,0.143,0.137,0.131,0.126,0.119,0.134,0.149,0.134
Marshall Islands,,,,,,,,,,,,,,,,,,,,,,,,,,,,,,,,,,,,,,,,,,,,,,,0.0303,0.0303,0.0303,0.0303,0.0303,0.0303,0.0303,0.0303,0.0303,0.0303,0.0303,0.0303,0.0303,0.0303,0.0303,0.0303,0.0303,0.0303,0.0303,0.0303,0.0303,0.0455,0.0606,0.0758,0.0909,0.0833,0.0758,0.0682,0.0606,0.0606
Mauritania,,,,,,,,,,,,,,,,,,,,,0,0,0,0,0,0,0,0.0091,0.0167,0.0231,0.0286,0.0255,0.0227,0.0202,0.0179,0.0158,0.0139,0.0122,0.0105,0.009,0.0076,0.0063,0.0051,0.0039,0.0029,0.0018,0.0009,0,0.0056,0.0111,0.0167,0.0222,0.0242,0.0265,0.0292,0.0327,0.037,0.0536,0.0989,0.133,0.158,0.179,0.17,0.163,0.143,0.171,0.192,0.208,0.221,0.216,0.211,0.208,0.205,0.203,0.203,0.203
Mauritius,,,,,,,,,,,,,,,,,,,,,,,0,0.0048,0.0095,0.0143,0.019,0.0238,0.0286,0.0333,0.0381,0.0429,0.0429,0.0429,0.0429,0.0429,0.0429,0.0429,0.0571,0.0607,0.0643,0.0679,0.0714,0.0607,0.05,0.0393,0.0286,0.0399,0.0515,0.0634,0.0758,0.0719,0.068,0.0643,0.0607,0.0571,0.08,0.103,0.126,0.149,0.171,0.175,0.178,0.182,0.185,0.188,0.17,0.152,0.134,0.116,0.133,0.15,0.167,0.183,0.2,0.2
Mexico,,,,,,,,0.0062,0.0123,0.0185,0.0247,0.0329,0.0412,0.0494,0.0468,0.0447,0.0429,0.0478,0.052,0.0556,0.056,0.0565,0.0571,0.0536,0.0507,0.0481,0.0524,0.0563,0.06,0.0664,0.072,0.0769,0.0771,0.0773,0.0775,0.0926,0.106,0.118,0.116,0.113,0.11,0.116,0.12,0.124,0.107,0.0898,0.0727,0.0962,0.118,0.138,0.138,0.138,0.138,0.145,0.152,0.159,0.178,0.2,0.226,0.23,0.233,0.234,0.243,0.257,0.282,0.312,0.338,0.36,0.378,0.399,0.424,0.447,0.467,0.484,0.484,0.484
"Micronesia, Fed. Sts.",,,,,,,,,,,,,,,,,,,,,,,,,,,,,,,,,,,,,,,,,,,,,,,,,0,0,0,0,0,0,0,0,0,0,0,0,0,0,0,0,0,0,0,0,0,0,0,0,0,0,0,0
Moldova,,,,,,,,,,,,,,,,,,,,,,,,,,,,,,,,,,,,,,,,,,,,,,0.0211,0.0233,0.0269,0.0332,0.0481,0.0557,0.0634,0.0713,0.0792,0.0957,0.112,0.129,0.151,0.173,0.196,0.218,0.231,0.238,0.242,0.244,0.188,0.186,0.183,0.181,0.178,0.194,0.21,0.226,0.242,0.257,0.248
Monaco,,,,,,,,,,,,,,,,,,,0.0556,0.0556,0.0556,0.0556,0.0556,0.0556,0.0556,0.0556,0.0556,0.0556,0.0556,0.0556,0.0667,0.0778,0.0889,0.1,0.111,0.111,0.111,0.111,0.111,0.111,0.111,0.111,0.111,0.111,0.1,0.0889,0.0778,0.0667,0.0556,0.0889,0.122,0.156,0.189,0.222,0.219,0.216,0.213,0.211,0.208,0.217,0.225,0.233,0.242,0.25,0.242,0.233,0.225,0.217,0.208,0.233,0.258,0.283,0.308,0.333,0.333,0.333
Mongolia,,,,,,,0.2,0.208,0.216,0.224,0.187,0.144,0.0944,0.136,0.175,0.21,0.206,0.203,0.2,0.206,0.211,0.216,0.217,0.218,0.219,0.222,0.224,0.227,0.229,0.23,0.23,0.231,0.232,0.235,0.238,0.24,0.243,0.244,0.245,0.246,0.248,0.249,0.185,0.126,0.0717,0.0209,0.0237,0.0395,0.0493,0.0592,0.0691,0.0789,0.0855,0.0921,0.0987,0.105,0.096,0.0867,0.0772,0.0676,0.0586,0.0548,0.0526,0.0513,0.0574,0.0673,0.0854,0.13,0.142,0.149,0.154,0.158,0.161,0.166,0.173,0.173
Montenegro,,,,,,,,,,,,,,,,,,,,,,,,,,,,,,,,,,,,,,,,,,,,,,,,,,,,,,,,,,,,,,0.0864,0.0864,0.0864,0.0864,0.0988,0.117,0.148,0.173,0.189,0.201,0.21,0.225,0.247,0.284,0.222
Morocco,,,,,,,,,,,,,,,,,,,0,0,0,0,0,0,0,0,0,0,0,0,0,0,0,0,0,0,0,0,0,0,0.0007,0.0014,0.0021,0.0028,0.0035,0.0041,0.0048,0.0054,0.006,0.0063,0.0065,0.0066,0.0067,0.0062,0.0053,0.0037,0.0605,0.108,0.0111,0.0111,0.0111,0.0111,0.105,0.0672,0.0222,0.131,0.168,0.166,0.161,0.152,0.117,0.187,0.187,0.186,0.184,0.184
Mozambique,,,,,,,,,,,,,,,,,,,,,,,,,,,,,,,,,0.124,0.132,0.14,0.147,0.154,0.16,0.159,0.158,0.158,0.157,0.169,0.181,0.193,0.204,0.216,0.228,0.24,0.252,0.262,0.271,0.281,0.29,0.3,0.31,0.319,0.329,0.338,0.348,0.357,0.366,0.374,0.383,0.392,0.393,0.394,0.394,0.395,0.396,0.399,0.402,0.406,0.409,0.412,0.424
Myanmar,,,0.0127,0.0132,0.0136,0.0141,0.0145,0.0149,0.0152,0.0156,0.0159,0.0162,0.0165,0.0168,0.0171,0.0173,0.0176,0.0178,0.018,0.0182,0.0184,0.0186,0.0188,0.019,0.0192,0.0193,0.0195,0.0197,0.0198,0.02,0.0215,0.023,0.0244,0.0259,0.0264,0.0269,0.0274,0.0278,0.0283,0.0288,0.0292,0.0297,0.0302,0.0306,0.0311,0.0316,0.032,0.0325,0.0329,0.0334,0.0338,0.0343,0.0347,0.0352,0.0356,0.0361,0.0365,0.037,0.0374,0.0379,0.0383,0.0387,0.0392,0.0396,0.0401,0.0405,0.0584,0.0763,0.0943,0.112,0.13,0.126,0.122,0.119,0.116,0.114
Namibia,,,,,,,,,,,,,,,,,,,,,,,,,,,,,,,,,,,,,,,,,,,,,0.0641,0.0615,0.0577,0.0513,0.0385,0.144,0.179,0.165,0.138,0.0769,0.25,0.255,0.259,0.263,0.266,0.269,0.265,0.261,0.256,0.25,0.244,0.269,0.352,0.385,0.402,0.414,0.238,0.307,0.339,0.358,0.37,0.363
Nauru,,,,,,,,,,,,,,,,,,,,,,,,0,0,0,0,0,0,0,0,0,0,0,0,0,0,0,0,0.0185,0.037,0.0556,0.0556,0.0556,0.0556,0.0556,0.0556,0.0556,0.0556,0.0556,0.0556,0.0278,0,0,0,0,0,0,0,0,0,0,0,0,0,0,0.011,0.027,0.0526,0.0526,0.0526,0.0526,0.0702,0.0877,0.105,0.105
Nepal,,,,,,,,0.0857,0.0922,0.0943,0.0929,0.0914,0.0897,0.0879,0.0138,0.0169,0.0203,0.024,0.024,0.024,0.032,0.032,0.024,0.024,0.024,0.032,0.0333,0.0323,0.0407,0.04,0.0185,0.0169,0.024,0.0236,0.0296,0.0481,0.05,0.05,0.05,0.05,0.05,0.0511,0.0584,0.0588,0.0484,0.042,0.0377,0.0367,0.0356,0.0341,0.0404,0.0523,0.0833,0.0642,0.0585,0.0642,0.0833,0.13,0.149,0.159,0.166,0.17,0.173,0.332,0.332,0.332,0.332,0.332,0.332,0.333,0.334,0.337,0.343,0.373,0.335,0.336
Netherlands,,0.04,0.04,0.04,0.0371,0.032,0.02,0.0533,0.0514,0.048,0.04,0.0747,0.0778,0.083,0.0933,0.0533,0.072,0.08,0.0844,0.08,0.072,0.0533,0.08,0.0711,0.0533,0.0233,0.0133,0.1,0.08,0.04,0.032,0.0286,0.0267,0.0457,0.08,0.16,0.151,0.167,0.213,0.211,0.209,0.209,0.267,0.227,0.213,0.227,0.267,0.297,0.315,0.327,0.227,0.293,0.333,0.36,0.28,0.31,0.328,0.34,0.351,0.355,0.36,0.367,0.347,0.377,0.395,0.407,0.36,0.387,0.379,0.367,0.347,0.356,0.36,0.347,0.338,0.351
New Zealand,,0.0381,0.0379,0.0377,0.0375,0.0943,0.0375,0.0417,0.0458,0.05,0.05,0.05,0.05,0.05,0.05,0.05,0.0542,0.0583,0.0625,0.0625,0.0625,0.0625,0.0574,0.0524,0.0476,0.0471,0.0465,0.046,0.046,0.046,0.046,0.0451,0.0443,0.0435,0.058,0.0725,0.087,0.1,0.113,0.126,0.132,0.138,0.144,0.151,0.158,0.165,0.181,0.197,0.212,0.242,0.268,0.292,0.292,0.292,0.292,0.292,0.292,0.292,0.302,0.312,0.322,0.327,0.331,0.336,0.331,0.327,0.322,0.314,0.306,0.298,0.326,0.355,0.383,0.396,0.408,0.408
Nicaragua,,,,0,0,0,0,0,0,0,0,0,0,0,0,0,0,0,0,0,0,0,0,0.0237,0.0439,0.0614,0.0766,0.09,0.085,0.08,0.0953,0.114,0.139,0.171,0.216,0.195,0.179,0.167,0.156,0.148,0.15,0.153,0.156,0.158,0.161,0.163,0.152,0.141,0.13,0.119,0.108,0.0968,0.118,0.14,0.162,0.184,0.206,0.196,0.185,0.174,0.163,0.152,0.202,0.252,0.302,0.352,0.402,0.413,0.421,0.427,0.431,0.435,0.437,0.44,0.446,0.473
Niger,,,,,,,,,,,,,,0,0,0,0,0,0,0,0,0,0,0,0,0,0.005,0.0097,0.0139,0.0178,0.0215,0.0248,0.028,0.0309,0.0337,0.0362,0.0387,0.0409,0.0431,0.0451,0.047,0.0488,0.0506,0.0522,0.0538,0.0741,0.2,0.0816,0.0602,0.0482,0.0361,0.012,0.012,0.012,0.012,0.0404,0.0653,0.0871,0.107,0.124,0.119,0.114,0.108,0.103,0.0982,0.116,0.133,0.136,0.138,0.139,0.14,0.141,0.148,0.157,0.17,0.17
Nigeria,,,,,,,,,,,,,,,,,,,,,,,,,,,,,,,,,,,,,,,,,,,,,,,,0.0205,0.0215,0.0228,0.0243,0.026,0.0282,0.0308,0.0342,0.0368,0.0391,0.0411,0.0428,0.0498,0.0567,0.0637,0.0707,0.0623,0.0539,0.0454,0.0369,0.0437,0.0479,0.0508,0.0529,0.0514,0.0493,0.0461,0.0411,0.045
North Korea,,,,,,,,,,,,,0.13,0.118,0.108,0.1,0.0939,0.0888,0.105,0.12,0.134,0.147,0.16,0.171,0.181,0.191,0.2,0.209,0.207,0.205,0.203,0.201,0.199,0.198,0.197,0.196,0.196,0.195,0.199,0.203,0.207,0.211,0.208,0.206,0.203,0.201,0.201,0.201,0.201,0.201,0.201,0.201,0.201,0.201,0.201,0.201,0.201,0.201,0.201,0.195,0.186,0.176,0.16,0.137,0.145,0.151,0.155,0.158,0.161,0.163,0.166,0.168,0.171,0.174,0.176,0.176
North Macedonia,,,,,,,,,,,,,,,,,,,,,,,,,,,,,,,,,,,,,,,,,,,,,,0.0417,0.0396,0.0375,0.0354,0.0333,0.0438,0.0542,0.0646,0.075,0.1,0.125,0.15,0.175,0.202,0.229,0.256,0.283,0.294,0.3,0.302,0.304,0.309,0.314,0.32,0.325,0.329,0.333,0.353,0.372,0.392,0.383
Norway,0.0467,0.0467,0.0467,0.0467,0.0467,0.0467,0.0467,0.0467,0.0467,0.0517,0.0567,0.0617,0.0667,0.0717,0.0767,0.0817,0.0867,0.085,0.0833,0.0817,0.08,0.0833,0.0867,0.09,0.0933,0.109,0.125,0.14,0.155,0.176,0.197,0.218,0.239,0.244,0.248,0.253,0.258,0.28,0.301,0.323,0.344,0.348,0.351,0.354,0.358,0.367,0.376,0.385,0.394,0.394,0.394,0.394,0.364,0.364,0.364,0.364,0.364,0.368,0.371,0.375,0.379,0.383,0.388,0.392,0.396,0.396,0.396,0.396,0.396,0.401,0.405,0.41,0.414,0.411,0.408,0.414
Oman,,,,,,,,,,,,,,,,,,,,,,,,,,,,,,,,,,,,,,,,,,,,,,,,,,,,,,,,,,,0.078,0.0815,0.0847,0.0879,0.0909,0.0922,0.0935,0.0947,0.0958,0.0924,0.089,0.0857,0.0824,0.0865,0.0906,0.0948,0.0988,0.0988
Pakistan,,,,,,,,,,,,,,,,,,,,,,,,,,,,,0.0366,0.0339,0.0222,0.0432,0.0466,0.0492,0.0517,0.0541,0.0564,0.0586,0.0608,0.0628,0.0648,0.0746,0.0865,0.101,0.0573,0.0092,0.0115,0.0164,0.0184,0.0115,0.0209,0.0245,0.0263,0.0937,0.139,0.171,0.195,0.214,0.175,0.174,0.173,0.17,0.212,0.225,0.18,0.174,0.169,0.164,0.207,0.201,0.18,0.194,0.198,0.2,0.2,0.2
Palau,,,,,,,,,,,,,,,,,,,,,,,,,,,,,,,,,,,,,,,,,,,,,,,,0,0.0083,0.0167,0.025,0.0333,0.0261,0.0182,0.0095,0,0,0,0,0,0.0396,0.0784,0.117,0.154,0.14,0.127,0.115,0.103,0.11,0.115,0.118,0.121,0.124,0.129,0.138,0.138
Panama,,0.04,0.0326,0.0238,0.0223,0.0211,0.0199,0.0189,0.0236,0.0283,0.033,0.0377,0.0377,0.0377,0.0377,0.0377,0.0348,0.0316,0.0279,0.0238,0.0244,0.025,0.0256,0.0263,0.0231,0.0185,0.0116,0,0.0256,0.0435,0.0566,0.0667,0.0746,0.0811,0.0645,0.0536,0.0357,0.0179,0.0407,0.0597,0.0627,0.0657,0.0687,0.0716,0.0746,0.0765,0.0783,0.08,0.0817,0.0833,0.0833,0.0833,0.0833,0.0833,0.0833,0.101,0.118,0.135,0.151,0.167,0.151,0.136,0.119,0.102,0.0845,0.103,0.122,0.144,0.167,0.193,0.197,0.201,0.205,0.208,0.211,0.225
Papua New Guinea,,,,,,,,,,,,,,,,,,,,,,,,,,,,,,,,,0.0183,0.0165,0.0147,0.0128,0.011,0.0092,0.0073,0.0055,0.0037,0.0018,0,0,0,0,0,0,0.0031,0.0052,0.0069,0.0082,0.0092,0.0092,0.0092,0.0092,0.0092,0.0092,0.0092,0.0092,0.0092,0.0092,0.0092,0.0128,0.0164,0.02,0.0235,0.027,0.0218,0.0165,0.0111,0.0056,0,0,0,0
Paraguay,,,,0,0,0,0,0,0,0,0,0,0,0,0,0,0.0111,0.0222,0.0333,0.0277,0.0237,0.0207,0.0183,0.0333,0.0356,0.0378,0.04,0.0422,0.0444,0.0422,0.04,0.0378,0.0356,0.0333,0.0311,0.0289,0.0267,0.0244,0.0222,0.0256,0.0288,0.0317,0.0345,0.037,0.0556,0.0557,0.0558,0.0559,0.056,0.066,0.0762,0.0865,0.0969,0.107,0.103,0.0995,0.0956,0.0918,0.088,0.0976,0.107,0.117,0.126,0.136,0.146,0.155,0.165,0.174,0.184,0.179,0.174,0.17,0.165,0.16,0.168,0.176
Peru,0,0,0,0,0,0,0.0075,0.0144,0.021,0.0271,0.0329,0.0383,0.0378,0.0372,0.0366,0.036,0.0353,0.0347,0.0108,0.0112,0.0115,0.0119,0.0123,0.0128,0.0132,0.0138,0.0143,0.0149,0.0156,0.0163,0.0171,0.018,0.0189,0.02,0.05,0.0625,0.0608,0.0592,0.0575,0.0558,0.0542,0.0567,0.0592,0.0617,0.0642,0.0667,0.0704,0.075,0.081,0.0889,0.1,0.12,0.14,0.16,0.18,0.2,0.183,0.175,0.204,0.233,0.263,0.292,0.275,0.26,0.244,0.23,0.215,0.232,0.241,0.247,0.251,0.254,0.26,0.272,0.3,0.261
Philippines,,0.0087,0.125,0.0169,0.0091,0.0085,0,0.0168,0.018,0.0252,0.125,0.0168,0.009,0.0084,0,0.0246,0.0263,0.0328,0.125,0.064,0.0598,0.072,0.25,0.04,0.0256,0.032,0.125,0.0685,0.0614,0.0585,0.057,0.0561,0.0555,0.055,0.0551,0.0553,0.0554,0.0556,0.0557,0.0558,0.069,0.0803,0.0902,0.0946,0.099,0.103,0.108,0.113,0.106,0.1,0.0949,0.102,0.11,0.118,0.136,0.154,0.172,0.17,0.167,0.165,0.189,0.202,0.211,0.21,0.209,0.206,0.228,0.247,0.263,0.273,0.279,0.284,0.283,0.282,0.281,0.281
Poland,,,0,0.0341,0.0687,0.104,0.14,0.176,0.148,0.12,0.093,0.0668,0.0414,0.0637,0.086,0.108,0.13,0.129,0.127,0.126,0.124,0.127,0.129,0.132,0.135,0.143,0.151,0.159,0.171,0.183,0.195,0.206,0.213,0.219,0.224,0.23,0.225,0.219,0.214,0.208,0.202,0.179,0.159,0.14,0.123,0.108,0.0929,0.112,0.13,0.129,0.129,0.128,0.127,0.145,0.164,0.185,0.207,0.204,0.2,0.196,0.193,0.188,0.182,0.192,0.201,0.211,0.22,0.227,0.234,0.241,0.248,0.256,0.263,0.271,0.279,0.279
Portugal,0.0167,0.0167,0.0167,0.0167,0.0167,0.0167,0.0167,0.0167,0.0167,0.0167,0.0167,0.0167,0.0167,0.0184,0.02,0.0216,0.0231,0.025,0.0269,0.0288,0.0308,0.0308,0.0308,0.0308,0.0308,0.039,0.0468,0.054,0.0608,0.08,0.0643,0.0494,0.0554,0.0616,0.068,0.068,0.0693,0.0707,0.072,0.068,0.064,0.07,0.076,0.0888,0.102,0.116,0.13,0.13,0.13,0.13,0.13,0.145,0.159,0.173,0.187,0.188,0.19,0.191,0.199,0.206,0.213,0.229,0.246,0.262,0.278,0.272,0.265,0.286,0.306,0.327,0.348,0.358,0.367,0.377,0.387,0.4
Qatar,,,,,,,,,,,,,,,,,,,,,,,,,,,,,,,,,,,,,,,,,,,,,,,,,,,,,,,,,,,,,0,0,0,0,0,0,0,0,0,0.0185,0.036,0.0526,0.0684,0.0833,0.0976,0.0976
Romania,,0.0531,0.0628,0.0725,0.0931,0.113,0.134,0.154,0.156,0.157,0.159,0.161,0.163,0.163,0.164,0.165,0.166,0.16,0.155,0.149,0.144,0.144,0.144,0.144,0.144,0.145,0.146,0.147,0.149,0.15,0.152,0.189,0.226,0.261,0.296,0.331,0.333,0.336,0.339,0.341,0.344,0.264,0.194,0.133,0.0781,0.0296,0.0323,0.0351,0.0402,0.0454,0.0505,0.0556,0.0664,0.0772,0.0881,0.099,0.0986,0.0982,0.0978,0.0975,0.0975,0.0976,0.0976,0.0977,0.103,0.108,0.112,0.116,0.117,0.118,0.118,0.119,0.142,0.167,0.196,0.198
Russia,,,,,,,,,,,,,,,,,,,,,,,,,,,,,,,,,,,,,,,,,,,,,,0.0873,0.0873,0.0873,0.11,0.0511,0.0511,0.0511,0.0056,0.0511,0.0757,0.0511,0.0511,0.0511,0.0893,0.0565,0.0565,0.0565,0.115,0.052,0.0473,0.0473,0.112,0.0798,0.0798,0.0798,0.171,0.131,0.171,0.166,0.164,0.161
Rwanda,,,,,,,,,,,,,,,,,,,,,0,0,0,0,0,0.0069,0.0134,0.0195,0.0253,0.0308,0.036,0.041,0.0457,0.0502,0.0545,0.0586,0.0625,0.097,0.129,0.137,0.146,0.154,0.163,0.171,0.15,0.129,0.107,0.0857,0.0643,0.0429,0.104,0.158,0.207,0.252,0.293,0.33,0.364,0.395,0.425,0.446,0.471,0.498,0.528,0.563,0.538,0.492,0.385,0.57,0.6,0.601,0.603,0.605,0.608,0.613,0.557,0.557
Samoa,,,,,,,,,,,,,,,,,,,,0.0213,0.0142,0.0071,0,0.0071,0.0142,0.0213,0.0213,0.0213,0.0213,0.0284,0.0355,0.0426,0.0355,0.0284,0.0213,0.0213,0.0213,0.0213,0.0284,0.0355,0.0426,0.0355,0.0284,0.0213,0.0284,0.0355,0.0426,0.0464,0.0502,0.0539,0.0576,0.0612,0.0612,0.0612,0.0612,0.0612,0.0612,0.0653,0.0694,0.0735,0.0776,0.0816,0.0735,0.0653,0.0571,0.049,0.0408,0.0528,0.0648,0.0766,0.0884,0.1,0.1,0.1,0.1,0.1
San Marino,0,0,0,0,0,0,0,0,0,0,0,0,0,0,0,0,0,0,0,0,0,0,0,0,0,0.0133,0.0267,0.04,0.0533,0.0667,0.0625,0.0583,0.0542,0.05,0.06,0.07,0.08,0.09,0.1,0.103,0.107,0.11,0.113,0.117,0.117,0.117,0.117,0.117,0.117,0.12,0.123,0.127,0.13,0.133,0.144,0.156,0.167,0.157,0.147,0.137,0.127,0.117,0.133,0.15,0.154,0.158,0.163,0.167,0.183,0.2,0.217,0.233,0.239,0.244,0.25,0.333
Sao Tome and Principe,,,,,,,,,,,,,,,,,,,,,,,,,,,,,,,0.182,0.151,0.123,0.0968,0.0725,0.05,0.0664,0.0811,0.0944,0.107,0.118,0.116,0.115,0.113,0.112,0.11,0.109,0.097,0.0848,0.0727,0.0773,0.0818,0.0864,0.0909,0.0909,0.0909,0.0909,0.0909,0.0864,0.0818,0.0773,0.0727,0.1,0.127,0.154,0.182,0.182,0.182,0.182,0.182,0.173,0.164,0.154,0.146,0.146,0.146
Saudi Arabia,,,,,,,,,,,,,,,,,,,,,,,,,,,,,,,,,,,,,,,,,,,,,,,,,,,,,,,,,,,,,0,0.0567,0.113,0.17,0.227,0.22,0.213,0.206,0.199,0.199,0.199,0.199,0.199,0.199,0.199,0.199
Senegal,,,,,,,,,,,,,,,,0,0.0042,0.0083,0.0125,0.0125,0.0125,0.0125,0.0125,0.0125,0.019,0.025,0.0304,0.0354,0.04,0.046,0.052,0.058,0.064,0.07,0.0788,0.087,0.0946,0.102,0.108,0.112,0.115,0.118,0.122,0.125,0.123,0.122,0.12,0.118,0.117,0.118,0.119,0.12,0.121,0.121,0.183,0.189,0.192,0.221,0.243,0.259,0.273,0.283,0.292,0.31,0.33,0.356,0.387,0.427,0.425,0.423,0.421,0.42,0.418,0.418,0.418,0.43
Serbia,,,,,,,,,,,,,,,,,,,,,,,,,,,,,,,,,,,,,,,,,,,,,,,,,,,,,,,,,,,,,,,0.204,0.216,0.243,0.27,0.297,0.324,0.332,0.34,0.34,0.34,0.352,0.364,0.376,0.388
Seychelles,,,,,,,,,,,,,,,,,,,,,,,,,,,,,,0,0.0941,0.168,0.229,0.278,0.32,0.3,0.28,0.26,0.24,0.22,0.2,0.18,0.16,0.232,0.306,0.381,0.458,0.351,0.273,0.265,0.258,0.25,0.243,0.235,0.25,0.265,0.279,0.294,0.282,0.271,0.259,0.247,0.235,0.315,0.371,0.413,0.444,0.443,0.442,0.44,0.439,0.438,0.391,0.323,0.212,0.212
Sierra Leone,,,,,,,,,,,,,,,,,,,,,,,,,,,,,0.0103,0.0077,0.0051,0.0025,0,0.002,0.0039,0.0059,0.0078,0.0096,0.0126,0.0156,0.0188,0.0221,0.0254,0.029,0.0326,0.0364,0.0403,0.0444,0.0487,0.0531,0.0577,0.0625,0.0821,0.0986,0.113,0.125,0.136,0.145,0.142,0.14,0.138,0.137,0.136,0.134,0.133,0.131,0.128,0.124,0.124,0.124,0.124,0.123,0.123,0.123,0.123,0.123
Singapore,,,,,,,,,,,,,,,,,,,0.0588,0.0496,0.0409,0.0326,0.0247,0.0172,0.0126,0.0081,0.004,0,0,0,0,0,0,0,0,0,0.0099,0.0195,0.0288,0.038,0.0408,0.0435,0.0462,0.0488,0.0449,0.041,0.037,0.0422,0.0471,0.0517,0.0562,0.0604,0.0645,0.0769,0.0899,0.103,0.118,0.137,0.155,0.174,0.193,0.212,0.214,0.216,0.218,0.22,0.222,0.226,0.231,0.235,0.239,0.237,0.234,0.232,0.23,0.295
Slovak Republic,,,,,,,,,,,,,,,,,,,,,,,,,,,,,,,,,,,,,,,,,,,,,,,,0.181,0.163,0.147,0.142,0.137,0.132,0.127,0.149,0.164,0.175,0.183,0.179,0.175,0.169,0.16,0.158,0.157,0.155,0.153,0.163,0.173,0.181,0.187,0.191,0.193,0.195,0.197,0.2,0.227
Slovenia,,,,,,,,,,,,,,,,,,,,,,,,,,,,,,,,,,,,,,,,,,,,,,,,0.144,0.128,0.111,0.0944,0.0778,0.0911,0.1,0.106,0.111,0.104,0.075,0.108,0.122,0.104,0.0765,0.025,0.133,0.196,0.259,0.322,0.075,0.269,0.356,0.311,0.238,0.103,0.244,0.223,0.223
Solomon Islands,,,,,,,,,,,,,,,,,,,,,,,,,,,,,,,,,,,,0,0,0,0,0,0,0,0,0,0,0.0063,0.0119,0.0169,0.0213,0.0211,0.0208,0.0206,0.0204,0.0152,0.0101,0.005,0,0,0,0,0,0,0,0,0,0,0.005,0.01,0.015,0.02,0.0241,0.0282,0.0324,0.0366,0.0408,0.0638
Somalia,,,,,,,,,,,,,,,,0,0,0,0,0,0,0,0,0,0,0.0139,0.0267,0.0386,0.0496,0.0598,0.0693,0.0782,0.0865,0.0944,0.102,0.0893,0.0768,0.0644,0.052,0.0395,0.0435,0.0468,0.0495,0.0518,0.0539,0.0556,0.0572,0.0585,0.0598,0.0609,0.0619,0.0628,0.0636,0.0643,0.065,0.0657,0.0662,0.0668,0.0673,0.0678,0.0725,0.0779,0.0841,0.0914,0.0999,0.11,0.123,0.138,0.143,0.152,0.171,0.226,0.239,0.242,0.243,0.243
South Africa,,,,0.0131,0.0143,0.0154,0.0166,0.0177,0.0189,0.0161,0.0112,0.0117,0.012,0.0123,0.0184,0.037,0.0188,0.0206,0.0233,0.0277,0.0364,0.0118,0.0123,0.0128,0.0132,0.0136,0.0135,0.0134,0.0133,0.0133,0.0113,0.009,0.0061,0.0074,0.0088,0.0101,0.0113,0.0124,0.0137,0.0154,0.0195,0.0216,0.023,0.0228,0.0227,0.0836,0.133,0.174,0.208,0.237,0.249,0.262,0.275,0.288,0.302,0.303,0.303,0.304,0.304,0.304,0.327,0.35,0.375,0.402,0.431,0.426,0.421,0.417,0.412,0.408,0.413,0.419,0.428,0.439,0.453,0.454
South Korea,,,,0.005,0.0073,0.0095,0.0084,0.0073,0.0061,0.0049,0.0071,0.0092,0.0111,0.0129,0.0076,0.0034,0.0053,0.0078,0.0114,0.0129,0.0143,0.0157,0.0171,0.0192,0.0211,0.0229,0.0245,0.0402,0.0548,0.0506,0.0465,0.0424,0.0385,0.0346,0.0339,0.0332,0.0326,0.0317,0.0308,0.0299,0.029,0.0259,0.0229,0.0201,0.0201,0.0201,0.0201,0.0201,0.0226,0.0251,0.0276,0.0301,0.0373,0.0411,0.0434,0.045,0.0541,0.065,0.0783,0.0947,0.101,0.109,0.121,0.137,0.142,0.147,0.152,0.157,0.161,0.163,0.165,0.167,0.167,0.167,0.167,0.19
South Sudan,,,,,,,,,,,,,,,,,,,,,,,,,,,,,,,,,,,,,,,,,,,,,,,,,,,,,,,,,,,,,,,,,,,0.244,0.254,0.261,0.267,0.272,0.276,0.273,0.27,0.266,0.266
Spain,,0.0034,0.0034,0.0033,0.0033,0.0033,0.0033,0.0034,0.0031,0.0029,0.0028,0.0028,0.0029,0.0029,0.0033,0.0038,0.0042,0.0045,0.0049,0.0053,0.0067,0.0081,0.0096,0.01,0.0104,0.0107,0.0111,0.0154,0.0202,0.0255,0.0313,0.0379,0.0452,0.0468,0.0485,0.0505,0.0525,0.0545,0.0603,0.0661,0.072,0.0778,0.0949,0.112,0.129,0.133,0.137,0.142,0.146,0.157,0.169,0.18,0.2,0.22,0.24,0.259,0.271,0.282,0.294,0.305,0.31,0.314,0.318,0.321,0.328,0.337,0.349,0.361,0.373,0.385,0.397,0.388,0.396,0.406,0.419,0.419
Sri Lanka,,,0.0229,0.0244,0.026,0.0275,0.029,0.0305,0.0305,0.0305,0.0305,0.0305,0.0293,0.0283,0.0275,0.0267,0.0267,0.0267,0.0267,0.0267,0.0267,0.0278,0.0289,0.0299,0.031,0.0321,0.031,0.0299,0.0288,0.0276,0.0264,0.0251,0.0238,0.0265,0.0291,0.0316,0.0339,0.0361,0.0383,0.0403,0.0422,0.044,0.0458,0.0475,0.0491,0.05,0.0508,0.0516,0.0525,0.0533,0.0511,0.0489,0.0467,0.0444,0.0422,0.04,0.0444,0.0459,0.0474,0.0489,0.0496,0.0504,0.0511,0.0519,0.0526,0.0533,0.0524,0.0516,0.0507,0.0498,0.0489,0.05,0.0511,0.0522,0.0533,0.0538
St. Kitts and Nevis,,,,,,,,,,,,,,,,,,,,,,,,,,,,,,,,,,,,,,,,0.0667,0.0667,0.0667,0.0667,0.0667,0.0667,0.0656,0.0645,0.0635,0.0625,0.0968,0.133,0.133,0.133,0.133,0.133,0.133,0.1,0.0667,0.0333,0,0.0111,0.0222,0.0333,0.0444,0.0556,0.0667,0.08,0.0933,0.107,0.12,0.133,0.133,0.133,0.133,0.133,0.25
St. Lucia,,,,,,,,,,,,,,,,,,,,,,,,,,,,,,,,,,,0.0714,0.0833,0.0952,0.107,0.0993,0.0915,0.0839,0.0764,0.069,0.0833,0.0979,0.113,0.128,0.143,0.142,0.141,0.141,0.141,0.14,0.15,0.163,0.181,0.207,0.166,0.127,0.092,0.0592,0.0286,0.273,0.235,0.207,0.185,0.167,0.182,0.177,0.175,0.174,0.174,0.182,0.192,0.207,0.207
St. Vincent and the Grenadines,,,,,,,,,,,,,,,,,,,,,,,,,,,,,,,,,,,0.105,0.0947,0.0842,0.0737,0.0632,0.0526,0.0619,0.0707,0.0792,0.0874,0.0952,0.0952,0.0952,0.0952,0.0952,0.0952,0.0833,0.0714,0.0595,0.0476,0.109,0.169,0.227,0.216,0.204,0.193,0.182,0.174,0.167,0.159,0.151,0.143,0.14,0.138,0.135,0.133,0.13,0.13,0.13,0.13,0.13,0.13
Sudan,,,,,,,,,,0,0,0,0,0,0,0,0,0,0.0025,0.0036,0.0043,0.0029,0.0014,0,0.0147,0.0287,0.0421,0.0549,0.0574,0.06,0.0617,0.0632,0.0645,0.0658,0.0655,0.0652,0.071,0.085,0.0567,0.036,0.0201,0.0076,0.022,0.0355,0.0483,0.0603,0.0716,0.0823,0.0734,0.0656,0.0587,0.0525,0.0628,0.0737,0.0851,0.0972,0.107,0.116,0.123,0.13,0.136,0.157,0.178,0.199,0.22,0.242,0.255,0.269,0.283,0.296,0.31,,,,,
Suriname,,,,,,,,,,,,,,,,,,,,,,,,,,,,,,,,,0.0513,0.0592,0.0676,0.0764,0.0857,0.0956,0.106,0.117,0.129,0.0976,0.0784,0.0735,0.0686,0.0637,0.0588,0.0784,0.098,0.118,0.137,0.157,0.162,0.167,0.172,0.176,0.192,0.208,0.224,0.239,0.255,0.224,0.192,0.161,0.129,0.098,0.129,0.161,0.192,0.224,0.255,0.27,0.284,0.299,0.314,0.294
Sweden,0.0133,0.0491,0.0754,0.0957,0.04,0.0755,0.102,0.122,0.04,0.0774,0.105,0.126,0.0662,0.0974,0.12,0.138,0.0728,0.0991,0.118,0.133,0.0861,0.116,0.138,0.154,0.113,0.14,0.165,0.189,0.214,0.219,0.224,0.229,0.246,0.262,0.278,0.277,0.276,0.275,0.288,0.302,0.315,0.338,0.361,0.384,0.368,0.351,0.335,0.358,0.381,0.404,0.41,0.415,0.421,0.427,0.437,0.443,0.448,0.451,0.454,0.459,0.464,0.473,0.467,0.461,0.456,0.45,0.446,0.443,0.439,0.435,0.442,0.448,0.455,0.461,0.473,0.47
Switzerland,,,,,,,,,,,,,,,,,,,,,,,,,,,0.0492,0.0512,0.0533,0.0553,0.0574,0.0675,0.0776,0.0876,0.0976,0.0986,0.0996,0.101,0.102,0.11,0.118,0.126,0.134,0.14,0.146,0.152,0.158,0.17,0.181,0.192,0.203,0.207,0.211,0.215,0.219,0.227,0.234,0.241,0.248,0.255,0.261,0.268,0.275,0.271,0.267,0.263,0.26,0.266,0.273,0.281,0.289,0.313,0.337,0.362,0.386,0.386
Syria,,,0,0,0,0,0,0,0,0.0064,0.0087,0.0099,0.0106,0.0111,0.0114,0.0117,0,0.0024,0.0048,0.0072,0.0095,0.0118,0.014,0.0162,0.0184,0.0206,0.0227,0.0248,0.0269,0.0292,0.0315,0.0337,0.0359,0.0436,0.0513,0.059,0.0667,0.0718,0.0769,0.0821,0.0872,0.0923,0.0898,0.0876,0.0857,0.084,0.087,0.09,0.093,0.096,0.098,0.1,0.102,0.104,0.107,0.11,0.114,0.117,0.12,0.121,0.122,0.123,0.124,0.123,0.122,0.122,0.121,0.12,0.123,0.125,0.127,0.128,0.129,0.13,0.132,0.112
Tajikistan,,,,,,,,,,,,,,,,,,,,,,,,,,,,,,,,,,,,,,,,,,,,,,0.0304,0.03,0.0295,0.0289,0.0283,0.0276,0.0381,0.0467,0.0541,0.0603,0.0657,0.0763,0.0906,0.111,0.142,0.196,0.192,0.188,0.184,0.179,0.175,0.17,0.164,0.159,0.153,0.147,0.161,0.174,0.187,0.2,0.234
Tanzania,,,,,,,,,,,,,,,,,,,,,,,,,,0.039,0.0482,0.0571,0.0658,0.0743,0.0826,0.0855,0.0883,0.0911,0.0937,0.0962,0.0979,0.0996,0.101,0.103,0.104,0.106,0.108,0.109,0.111,0.112,0.124,0.136,0.148,0.159,0.17,0.181,0.191,0.202,0.212,0.222,0.24,0.258,0.274,0.289,0.304,0.316,0.328,0.339,0.35,0.36,0.361,0.362,0.363,0.365,0.366,0.366,0.367,0.368,0.369,0.369
Thailand,0,0,0.02,0,0.0028,0.0055,0.0081,0.0325,0.0225,0.0176,0.0147,0.0127,0.0113,0.0083,0,0.0032,0.0058,0.0078,0.0095,0.011,0.0122,0.0132,0.0142,0.015,0.0157,0.0113,0.0061,0,0.0602,0.0458,0.0337,0.0378,0.0278,0.0248,0.0228,0.02,0.0133,0.0253,0.03,0.0266,0.0192,0.028,0.0192,0.0256,0.0279,0.0315,0.0377,0.0365,0.0424,0.0503,0.0614,0.0658,0.0722,0.0783,0.0843,0.0901,0.0957,0.0977,0.1,0.103,0.106,0.112,0.117,0.16,0.159,0.158,0.158,0.142,0.115,0.0609,0.1,0.119,0.129,0.136,0.141,0.139
Timor-Leste,,,,,,,,,,,,,,,,,,,,,,,,,,,,,,,,,,,,,,,,,,,,,,,,,,,,,,,,,0.25,0.258,0.265,0.271,0.276,0.281,0.285,0.296,0.31,0.328,0.351,0.385,0.372,0.36,0.348,0.335,0.323,0.339,0.385,0.385
Togo,,,,,,,,,,,,,,,,,0.0196,0.0093,0,0.0077,0.0153,0.0226,0.0298,0.0368,0.0437,0.0504,0.0569,0.0633,0.0696,0.0757,0.0817,0.0876,0.0933,0.099,0.104,0.0947,0.0853,0.0764,0.0679,0.0597,0.0519,0.0494,0.0468,0.0442,0.0416,0.039,0.0633,0.046,0.029,0.0123,0.0198,0.0272,0.0346,0.042,0.0494,0.0576,0.0658,0.0741,0.0811,0.085,0.0875,0.0893,0.0905,0.0949,0.101,0.108,0.118,0.132,0.154,0.156,0.158,0.16,0.163,0.165,0.165,0.187
Tonga,,,,,,,,,,,,,,,,,,,,,,,,,,,,,,,0,0,0,0,0,0,0,0,0,0,0,0,0,0,0,0,0.0114,0.0225,0.0333,0.0222,0.0111,0,0,0,0,0,0,0,0.0112,0.0227,0.0345,0.0333,0.0323,0.0313,0.0172,0,0,0,0,0,0.0153,0.0303,0.0451,0.0597,0.0741,0.0741
Trinidad and Tobago,,,,,,,,,,,,,,,,,,0.111,0.113,0.114,0.115,0.117,0.107,0.0967,0.0867,0.0767,0.0667,0.0782,0.0892,0.0997,0.11,0.119,0.125,0.131,0.137,0.143,0.149,0.149,0.149,0.149,0.149,0.149,0.155,0.16,0.166,0.171,0.176,0.181,0.185,0.19,0.194,0.194,0.193,0.192,0.192,0.191,0.111,0.254,0.271,0.287,0.303,0.318,0.333,0.315,0.296,0.278,0.285,0.293,0.3,0.308,0.315,0.319,0.322,0.325,0.329,0.324
Tunisia,,,,,,,,,,,,,,,0.0111,0.0111,0.0111,0.0111,0.0111,0.0111,0.0171,0.0226,0.0278,0.0326,0.037,0.0345,0.0321,0.0298,0.0276,0.0254,0.0268,0.0281,0.0293,0.0305,0.0317,0.042,0.0515,0.0523,0.0532,0.0541,0.055,0.056,0.0512,0.0467,0.0426,0.0481,0.0534,0.0584,0.0631,0.0675,0.0779,0.0879,0.0975,0.107,0.115,0.138,0.161,0.184,0.206,0.228,0.134,0.14,0.146,0.152,0.276,0.269,0.265,0.275,0.289,0.313,0.296,0.278,0.261,0.243,0.226,0.249
Turkey,,0.0181,0.0151,0.0121,0.0091,0.0061,0.0065,0.0068,0.0072,0.0075,0.0096,0.0115,0.0133,0.0121,0.0108,0.0096,0.0083,0.0089,0.01,0.0133,0.0067,0.0067,0.0067,0.0067,0.0111,0.0112,0.0114,0.0115,0.0116,0.0093,0,0.0079,0.0099,0.0093,0.0067,0.0176,0.0236,0.0274,0.03,0.0255,0.0212,0.0171,0.0133,0.0144,0.0156,0.0167,0.0178,0.0195,0.021,0.0224,0.0236,0.0282,0.0327,0.0373,0.0418,0.0424,0.043,0.0436,0.0531,0.0626,0.0721,0.0816,0.0911,0.104,0.117,0.129,0.142,0.144,0.146,0.147,0.149,0.158,0.166,0.174,0.174,0.173
Turkmenistan,,,,,,,,,,,,,,,,,,,,,,,,,,,,,,,,,,,,,,,,,,,,,,0.0457,0.0574,0.0756,0.108,0.18,0.196,0.212,0.228,0.244,0.26,0.238,0.216,0.195,0.174,0.154,0.16,0.164,0.166,0.168,0.168,0.168,0.168,0.168,0.168,0.184,0.2,0.216,0.232,0.248,0.25,0.25
Tuvalu,,,,,,,,,,,,,,,,,,,,,,,,,,,,,,,,,0,0,0,0,0,0,0,0,0,0.0192,0.0385,0.0577,0.0769,0.0769,0.0769,0.0769,0.0769,0.0625,0.0476,0.0323,0.0164,0,0,0,0,0,0,0,0,0,0,0,0,0,0.0133,0.0267,0.04,0.0533,0.0667,0.0656,0.0645,0.0635,0.0625,0.0625
Uganda,,,,,,,,,,,,,,,,,,,,,,,,,,,,,,,,,,,,0.0079,0.0327,0.0522,0.0679,0.0809,0.0919,0.101,0.109,0.116,0.122,0.136,0.149,0.162,0.175,0.188,0.183,0.178,0.193,0.207,0.221,0.234,0.247,0.253,0.259,0.265,0.271,0.276,0.241,0.215,0.194,0.178,0.164,0.152,0.143,0.134,0.127,0.121,0.17,0.24,0.349,0.349
Ukraine,,,,,,,,,,,,,,,,,,,,,,,,,,,,,,,,,,,,,,,,,,,,,,0.0244,0.0278,0.0311,0.0344,0.0378,0.048,0.0583,0.0687,0.0792,0.0726,0.0661,0.0597,0.0533,0.0578,0.0622,0.0667,0.0711,0.0833,0.0845,0.0861,0.088,0.0907,0.0944,0.105,0.117,0.134,0.152,0.17,0.188,0.205,0.208
United Arab Emirates,,,,,,,,,,,,,,,,,,,,,,,,,,,0,0,0,0,0,0,0,0,0,0,0,0,0,0,0,0,0,0,0,0,0,0,0,0,0,0,0,0,0,0,0,0,0,0.01,0.025,0.05,0.05,0.05,0.05,0.05,0.05,0.175,0.192,0.208,0.225,0.294,0.363,0.431,0.5,0.5
United Kingdom,0.0375,0.0367,0.036,0.0352,0.0344,0.0336,0.0272,0.0299,0.0327,0.0354,0.0381,0.0385,0.0389,0.0393,0.0397,0.041,0.0422,0.0435,0.0448,0.046,0.0437,0.0413,0.0413,0.0413,0.0413,0.0413,0.0405,0.04,0.0396,0.0394,0.0383,0.037,0.0353,0.0331,0.0299,0.0313,0.0327,0.034,0.0354,0.0423,0.0492,0.0562,0.0631,0.0689,0.0747,0.0805,0.0864,0.0922,0.0807,0.0734,0.0683,0.0683,0.115,0.146,0.0884,0.157,0.175,0.146,0.167,0.178,0.185,0.189,0.197,0.197,0.2,0.223,0.226,0.226,0.226,0.234,0.268,0.249,0.285,0.287,0.289,0.3
United States,,0.0204,0.0176,0.0148,0.0167,0.0185,0.0194,0.0204,0.0241,0.0278,0.0306,0.0333,0.0315,0.0296,0.0324,0.0352,0.0361,0.037,0.0315,0.0259,0.025,0.0241,0.0231,0.0222,0.0213,0.0204,0.0241,0.0278,0.0287,0.0296,0.0324,0.0352,0.0361,0.037,0.0352,0.0333,0.038,0.0426,0.0435,0.0444,0.0454,0.0464,0.0519,0.0574,0.0567,0.056,0.079,0.102,0.103,0.104,0.108,0.112,0.119,0.125,0.127,0.129,0.135,0.14,0.144,0.148,0.155,0.163,0.168,0.173,0.171,0.168,0.176,0.184,0.189,0.194,0.194,0.193,0.216,0.238,0.237,0.237
Uruguay,,0,0,0,0,0,0,0,0,0,0,0,0,0,0,0,0,0,0,0,0,0,0.0016,0.0031,0.0047,0.0062,0.0078,0.0072,0.0066,0.006,0.0054,0.0048,0.0042,0.0036,0.003,0.0024,0.0018,0.0012,0.0006,0,0.0093,0.0185,0.0278,0.037,0.0462,0.0508,0.0556,0.0603,0.065,0.0698,0.0789,0.0881,0.0972,0.106,0.115,0.115,0.115,0.115,0.115,0.115,0.12,0.125,0.13,0.135,0.139,0.15,0.161,0.171,0.182,0.192,0.196,0.199,0.203,0.206,0.209,0.231
Uzbekistan,,,,,,,,,,,,,,,,,,,,,,,,,,,,,,,,,,,,,,,,,,,,,,0.096,0.0909,0.084,0.0744,0.06,0.0616,0.0632,0.0648,0.0664,0.068,0.0795,0.0939,0.113,0.138,0.175,0.15,0.173,0.192,0.207,0.22,0.15,0.155,0.159,0.161,0.163,0.164,0.164,0.164,0.164,0.164,0.291
Vanuatu,,,,,,,,,,,,,,,,,,,,,,,,,,,,,,,,,,,0,0,0,0,0,0.0123,0.0235,0.0339,0.0435,0.038,0.0326,0.0272,0.0217,0.0183,0.015,0.0118,0.0087,0.0057,0.0028,0,0.0048,0.0096,0.0144,0.0192,0.0288,0.0385,0.0385,0.0385,0.0385,0.0385,0.0288,0.0192,0.0096,0,0,0,0,0,0,0,0,0
Venezuela,,0.0563,0.0413,0.0258,0.0247,0.0236,0.0226,0.0216,0.0206,0.0197,0.0188,0.018,0.0171,0.0163,0.0187,0.021,0.023,0.0249,0.0267,0.0214,0.0166,0.012,0.0078,0.0038,0.0069,0.0101,0.0134,0.0167,0.0202,0.0219,0.0236,0.0253,0.0271,0.0288,0.0288,0.0288,0.0287,0.0287,0.0287,0.0417,0.0546,0.0675,0.0804,0.0931,0.087,0.081,0.075,0.0691,0.0632,0.0731,0.0829,0.0925,0.102,0.112,0.117,0.12,0.125,0.132,0.141,0.154,0.174,0.173,0.172,0.171,0.171,0.17,0.164,0.159,0.154,0.149,0.144,0.163,0.183,0.202,0.222,0.222
Vietnam,,,,,,,,,,,,,,,,,,,,,,,,,,,,,,,,0.268,0.258,0.248,0.238,0.228,0.218,0.211,0.204,0.198,0.191,0.184,0.177,0.179,0.18,0.181,0.183,0.185,0.199,0.209,0.216,0.222,0.226,0.232,0.239,0.248,0.259,0.273,0.27,0.267,0.264,0.261,0.258,0.254,0.251,0.247,0.244,0.251,0.254,0.257,0.258,0.259,0.261,0.263,0.267,0.267
Yemen,,,,,,,,,,,,,,,,,,,,,,,,,,,,,,,,,,,,,,,,,,,,,,0.0332,0.0244,0.0155,0.0066,0.0066,0.0066,0.0066,0.0066,0.0079,0.0097,0.0126,0.018,0.0073,0.0033,0.0039,0.0044,0.0049,0.0053,0.0058,0.0062,0.0066,0.007,0.0074,0.0078,0.0081,0.0085,0.0088,0.0091,0.0094,0.0097,0.0097
Zambia,,,,,,,,,,,,,,,,,,,,0.0533,0.0417,0.0323,0.0245,0.018,0.0276,0.0364,0.0444,0.0519,0.0588,0.0559,0.0529,0.05,0.0471,0.0441,0.0412,0.0382,0.0353,0.0324,0.0294,0.0368,0.0441,0.0515,0.0588,0.0662,0.0664,0.0665,0.0667,0.0739,0.0809,0.0879,0.0946,0.101,0.105,0.109,0.113,0.117,0.12,0.126,0.131,0.136,0.141,0.147,0.139,0.132,0.124,0.117,0.11,0.125,0.135,0.143,0.149,0.154,0.159,0.167,0.18,0.168
Zimbabwe,,,,,,,,,,,,,,,,,,,,,,,,,,,,,,,,,,,,0.0786,0.0843,0.09,0.0957,0.101,0.107,0.11,0.113,0.115,0.118,0.12,0.125,0.131,0.136,0.141,0.147,0.136,0.125,0.115,0.104,0.0933,0.124,0.15,0.172,0.191,0.208,0.198,0.19,0.183,0.221,0.257,0.29,0.322,0.351,0.35,0.348,0.346,0.345,0.343,0.346,0.346
